	QID	label	geneID	proteinID	wikilink
3	Q17710375	PARP1	142	Q21112674	https://en.wikipedia.org/wiki/PARP1
8	Q18039521	GIT1	28964	Q21112695	https://en.wikipedia.org/wiki/GIT1
12	Q18035588	CXCR6	10663	Q21113098	https://en.wikipedia.org/wiki/CXCR6
18	Q18026007	GJB3	2707	Q21113099	https://en.wikipedia.org/wiki/GJB3
22	Q20970201	CXCL3	2921	Q21113120	https://en.wikipedia.org/wiki/CXCL3
30	Q18030192	NPHP1	4867	Q21113785	https://en.wikipedia.org/wiki/NPHP1
36	Q18031418	CCL23	6368	Q21113933	https://en.wikipedia.org/wiki/CCL23
44	Q18031412	CCL13	6357	Q21113975	https://en.wikipedia.org/wiki/CCL13
50	Q18035313	CCL26	10344	Q21114000	https://en.wikipedia.org/wiki/CCL26
57	Q18033873	CTDP1	9150	Q21114245	https://en.wikipedia.org/wiki/CTDP1
62	Q18026825	HBZ	3050	Q21114253	https://en.wikipedia.org/wiki/Hemoglobin_subunit_zeta
64	Q18035415	TRIM38	10475	Q21114635	https://en.wikipedia.org/wiki/Tripartite_motif_containing_38
66	Q17708694	ABCA4	24	Q21115224	https://en.wikipedia.org/wiki/ABCA4
70	Q18028730	SH2D1A	4068	Q21115282	https://en.wikipedia.org/wiki/SLAM-associated_protein
71	Q17833212	ATP2A2	488	Q21115319	https://en.wikipedia.org/wiki/ATP2A2
72	Q18032289	COL14A1	7373	Q21115678	https://en.wikipedia.org/wiki/Collagen,_type_XIV,_alpha_1
77	Q18026481	GRIA1	2890	Q21115961	https://en.wikipedia.org/wiki/GRIA1
80	Q18055395	COL28A1	340267	Q21117284	https://en.wikipedia.org/wiki/Collagen,_type_XXVIII,_alpha_1
85	Q18035614	CORIN	10699	Q21117289	https://en.wikipedia.org/wiki/CORIN
90	Q17709567	ADAR	103	Q21118028	https://en.wikipedia.org/wiki/ADAR
95	Q18032242	TYRP1	7306	Q21118207	https://en.wikipedia.org/wiki/TYRP1
98	Q18026914	HK3	3101	Q21118407	https://en.wikipedia.org/wiki/HK3
104	Q18028029	ITGAV	3685	Q21107757	https://en.wikipedia.org/wiki/Integrin_alpha_V
110	Q18026732	H1-0	3005	Q21108707	https://en.wikipedia.org/wiki/H1F0
113	Q18033856	KCNQ4	9132	Q21108785	https://en.wikipedia.org/wiki/KCNQ4
119	Q17855239	SLC25A20	788	Q21108927	https://en.wikipedia.org/wiki/Carnitine-acylcarnitine_translocase
127	Q18255010	NKX2-1	7080	Q21109009	https://en.wikipedia.org/wiki/NK2_homeobox_1
134	Q17832041	ARRB1	408	Q21109259	https://en.wikipedia.org/wiki/Arrestin_beta_1
144	Q17857059	CD1A	909	Q21109521	https://en.wikipedia.org/wiki/CD1A
151	Q17857100	CD1B	910	Q21109523	https://en.wikipedia.org/wiki/CD1b
155	Q17859700	CD79A	973	Q21109689	https://en.wikipedia.org/wiki/CD79A
162	Q18039701	SEC61A1	29927	Q21110537	https://en.wikipedia.org/wiki/Sec61_alpha_1
167	Q18026770	HABP2	3026	Q21111007	https://en.wikipedia.org/wiki/HABP2
173	Q18035117	CALCRL	10203	Q21111867	https://en.wikipedia.org/wiki/CALCRL
178	Q18035087	SLC25A13	10165	Q21111943	https://en.wikipedia.org/wiki/Citrin
180	Q18034371	CXCL14	9547	Q21112077	https://en.wikipedia.org/wiki/CXCL14
187	Q17927047	F13B	2165	Q21112390	https://en.wikipedia.org/wiki/F13B
190	Q18024829	FUT4	2526	Q21112430	https://en.wikipedia.org/wiki/FUT4
191	Q17825398	AMHR2	269	Q21112631	https://en.wikipedia.org/wiki/Anti-Mullerian_hormone_receptor_type_2
194	Q18028636	LPA	4018	Q21112670	https://en.wikipedia.org/wiki/Lipoprotein(a)
201	Q18030248	OAS1	4938	Q21096374	https://en.wikipedia.org/wiki/OAS1
206	Q17709323	ACTN3	89	Q21096435	https://en.wikipedia.org/wiki/Actinin_alpha_3
210	Q17916078	EHHADH	1962	Q21096438	https://en.wikipedia.org/wiki/EHHADH
214	Q18031203	ROCK1	6093	Q21100658	https://en.wikipedia.org/wiki/ROCK1
219	Q17862044	CLCN5	1184	Q21100771	https://en.wikipedia.org/wiki/CLCN5
223	Q17927792	FCGR3A	2214	Q21101397	https://en.wikipedia.org/wiki/FCGR3A
232	Q17927782	FCGR2A	2212	Q21101399	https://en.wikipedia.org/wiki/FCGR2A
238	Q17927803	FCGRT	2217	Q21101413	https://en.wikipedia.org/wiki/Neonatal_Fc_receptor
243	Q17832657	ATF4	468	Q21102119	https://en.wikipedia.org/wiki/ATF4
251	Q17907806	CCR4	1233	Q21102300	https://en.wikipedia.org/wiki/CCR4
257	Q17854281	DAGLA	747	Q21102593	https://en.wikipedia.org/wiki/Diacylglycerol_lipase
265	Q17914017	DLX3	1747	Q21102601	https://en.wikipedia.org/wiki/DLX3
269	Q18026813	HBE1	3046	Q21103340	https://en.wikipedia.org/wiki/HBE1
272	Q18026820	HBG2	3048	Q21103344	https://en.wikipedia.org/wiki/HBG2
277	Q17816417	AK2	204	Q21103440	https://en.wikipedia.org/wiki/AK2
281	Q18045732	MTARC1	64757	Q21104660	https://en.wikipedia.org/wiki/Mitochondrial_amidoxime_reducing_component_1
286	Q18031368	SAG	6295	Q21105252	https://en.wikipedia.org/wiki/SAG_(gene)
289	Q17918420	F2R	2149	Q21106737	https://en.wikipedia.org/wiki/Coagulation_factor_II_receptor
291	Q18035504	COLEC10	10584	Q21106859	https://en.wikipedia.org/wiki/Collectin-10
295	Q17927826	FDPS	2224	Q21107439	https://en.wikipedia.org/wiki/Dimethylallyltranstransferase
303	Q18252301	MGMT	4255	Q21118735	https://en.wikipedia.org/wiki/O-6-methylguanine-DNA_methyltransferase
311	Q18039845	NEUROG3	50674	Q21119142	https://en.wikipedia.org/wiki/Neurogenin-3
314	Q18029199	MMP10	4319	Q21119460	https://en.wikipedia.org/wiki/Stromelysin_2
318	Q18032085	TPR	7175	Q21119993	https://en.wikipedia.org/wiki/Translocated_promoter_region
320	Q18034669	MATR3	9782	Q21121666	https://en.wikipedia.org/wiki/MATR3
324	Q18016422	ACAN	176	Q21121862	https://en.wikipedia.org/wiki/Aggrecan
332	Q18030836	PSG1	5669	Q21123177	https://en.wikipedia.org/wiki/PSG1_(gene)
337	Q18031794	SURF2	6835	Q21123917	https://en.wikipedia.org/wiki/SURF2
338	Q18031504	PMEL	6490	Q21124311	https://en.wikipedia.org/wiki/Glycoprotein_100
340	Q18031564	SLC15A1	6564	Q21124401	https://en.wikipedia.org/wiki/Peptide_transporter_1
347	Q17907875	COL4A2	1284	Q21130062	https://en.wikipedia.org/wiki/Collagen,_type_IV,_alpha_2
350	Q17908263	COL8A2	1296	Q21130068	https://en.wikipedia.org/wiki/Collagen,_type_VIII,_alpha_2
357	Q18033601	WASL	8976	Q21130862	https://en.wikipedia.org/wiki/WASL_(gene)
360	Q17816398	AK1	203	Q21130938	https://en.wikipedia.org/wiki/Adenylate_kinase_1
363	Q18028107	CD82	3732	Q21131195	https://en.wikipedia.org/wiki/CD82_(gene)
371	Q17859703	CD81	975	Q21131199	https://en.wikipedia.org/wiki/CD81
377	Q17832258	ASNS	440	Q21131459	https://en.wikipedia.org/wiki/Asparagine_synthetase
382	Q18035889	CCL27	10850	Q21132513	https://en.wikipedia.org/wiki/C-c_motif_chemokine_ligand_27
389	Q18035626	NFAT5	10725	Q21132799	https://en.wikipedia.org/wiki/NFAT5
394	Q18031579	SLC25A1	6576	Q21133857	https://en.wikipedia.org/wiki/Tricarboxylate_transport_protein,_mitochondrial
398	Q18034712	TRIM14	9830	Q21135110	https://en.wikipedia.org/wiki/TRIM14
399	Q18048140	UBE3B	89910	Q21135167	https://en.wikipedia.org/wiki/Ubiquitin-Protein_Ligase_E3B
403	Q18034596	ESPL1	9700	Q22676914	https://en.wikipedia.org/wiki/Separase
416	Q17862003	CKMT1B	1159	Q22677369	https://en.wikipedia.org/wiki/CKMT1A
419	Q18030221	NRTN	4902	Q22679857	https://en.wikipedia.org/wiki/Neurturin
423	Q18032622	NPHS2	7827	Q22680259	https://en.wikipedia.org/wiki/Podocin
430	Q17859635	CD40	958	Q21135811	https://en.wikipedia.org/wiki/CD40_(protein)
443	Q17849328	BMI1	648	Q21145992	https://en.wikipedia.org/wiki/BMI1
447	Q17830554	APOA2	336	Q21154572	https://en.wikipedia.org/wiki/Apolipoprotein_A2
449	Q18033223	DGAT1	8694	Q21155534	https://en.wikipedia.org/wiki/DGAT1
454	Q18029864	CEACAM6	4680	Q21155687	https://en.wikipedia.org/wiki/CEACAM6
460	Q18027481	ICAM3	3385	Q21157908	https://en.wikipedia.org/wiki/ICAM3
465	Q18028787	MAGEA1	4100	Q21171542	https://en.wikipedia.org/wiki/MAGEA1
471	Q17848256	CEACAM1	634	Q21171950	https://en.wikipedia.org/wiki/CEACAM1
476	Q17825949	AMY2A	279	Q21173369	https://en.wikipedia.org/wiki/AMY2A
483	Q18030589	PLG	5340	Q21173374	https://en.wikipedia.org/wiki/Plasmin
507	Q18034107	NCR1	9437	Q21173752	https://en.wikipedia.org/wiki/NCR1
511	Q17854250	MYRF	745	Q21207376	https://en.wikipedia.org/wiki/Myelin_regulatory_factor
515	Q18034724	HEPH	9843	Q22676503	https://en.wikipedia.org/wiki/Hephaestin
526	Q18035012	USH1C	10083	Q22676875	https://en.wikipedia.org/wiki/USH1C
528	Q18026822	HBQ1	3049	Q21103342	https://en.wikipedia.org/wiki/HBQ1
531	Q18032641	SCG2	7857	Q21105303	https://en.wikipedia.org/wiki/SCG2
536	Q18031408	SCP2	6342	Q21106734	https://en.wikipedia.org/wiki/SCP2
542	Q17913942	DEFA5	1670	Q21107113	https://en.wikipedia.org/wiki/DEFA5
546	Q17929113	FPGS	2356	Q21107352	https://en.wikipedia.org/wiki/Folylpolyglutamate_synthase
549	Q18028792	MAGEA3	4102	Q21107943	https://en.wikipedia.org/wiki/MAGEA3
556	Q17859676	CD47	961	Q21108354	https://en.wikipedia.org/wiki/CD47
565	Q17861193	CEL	1056	Q21108361	https://en.wikipedia.org/wiki/Bile_salt-dependent_lipase
571	Q17928764	FOXE1	2304	Q21108586	https://en.wikipedia.org/wiki/FOXE1
578	Q17861510	CGA	1081	Q21108609	https://en.wikipedia.org/wiki/Glycoprotein_hormones,_alpha_polypeptide
587	Q17859483	SCARB1	949	Q21108841	https://en.wikipedia.org/wiki/SCARB1
593	Q17829004	APAF1	317	Q21109162	https://en.wikipedia.org/wiki/APAF1
606	Q17859697	CD72	971	Q21109692	https://en.wikipedia.org/wiki/CD72
615	Q17859694	CD68	968	Q21109693	https://en.wikipedia.org/wiki/CD68
622	Q17859695	CD69	969	Q21109696	https://en.wikipedia.org/wiki/CD69
629	Q15312073	NR4A1	3164	Q12063746	https://en.wikipedia.org/wiki/Nuclear_receptor_4A1
633	Q17853672	BST2	684	Q21100505	https://en.wikipedia.org/wiki/Tetherin
637	Q18048523	COL23A1	91522	Q21100856	https://en.wikipedia.org/wiki/Collagen,_type_XXIII,_alpha_1
643	Q17909085	COX10	1352	Q21100866	https://en.wikipedia.org/wiki/COX10
646	Q17913948	DEFB4A	1673	Q21101093	https://en.wikipedia.org/wiki/Beta-defensin_2
651	Q17916822	ENO2	2026	Q21101155	https://en.wikipedia.org/wiki/Enolase_2
659	Q17927797	FCGR3B	2215	Q21101392	https://en.wikipedia.org/wiki/FCGR3B
667	Q17927757	FCAR	2204	Q21101404	https://en.wikipedia.org/wiki/FCAR
672	Q17908096	COL6A3	1293	Q21102484	https://en.wikipedia.org/wiki/Collagen,_type_VI,_alpha_3
676	Q17907952	COL4A6	1288	Q21102499	https://en.wikipedia.org/wiki/Collagen,_type_IV,_alpha_6
679	Q17908363	COL9A2	1298	Q21102501	https://en.wikipedia.org/wiki/Collagen,_type_IX,_alpha_2
683	Q17912672	DGKB	1607	Q21102597	https://en.wikipedia.org/wiki/DGKB
686	Q17914015	DLX1	1745	Q21102618	https://en.wikipedia.org/wiki/DLX1
692	Q17914019	DLX5	1749	Q21102620	https://en.wikipedia.org/wiki/DLX5
697	Q17914020	DLX6	1750	Q21102621	https://en.wikipedia.org/wiki/DLX6
704	Q17914016	DLX2	1746	Q21102622	https://en.wikipedia.org/wiki/DLX2
709	Q17914018	DLX4	1748	Q21102647	https://en.wikipedia.org/wiki/DLX4
714	Q17928401	FHL1	2273	Q21103084	https://en.wikipedia.org/wiki/FHL1
718	Q18026465	GPX4	2879	Q21103287	https://en.wikipedia.org/wiki/GPX4
722	Q18030564	PKD2	5311	Q21103321	https://en.wikipedia.org/wiki/Polycystin_2
732	Q18034934	HNRNPDL	9987	Q21202026	https://en.wikipedia.org/wiki/HNRPDL
736	Q18031091	RENBP	5973	Q22677897	https://en.wikipedia.org/wiki/RENBP
741	Q18030342	PAK3	5063	Q21109710	https://en.wikipedia.org/wiki/PAK3
744	Q17908457	COL11A2	1302	Q21109884	https://en.wikipedia.org/wiki/Collagen,_type_XI,_alpha_2
751	Q18022229	CYBA	1535	Q21109992	https://en.wikipedia.org/wiki/P22phox
753	Q17910441	CSN1S1	1446	Q21110552	https://en.wikipedia.org/wiki/CSN1S1
756	Q18033752	TAF1A	9015	Q21110621	https://en.wikipedia.org/wiki/Selective_factor_1
759	Q17912224	CYP24A1	1591	Q21110757	https://en.wikipedia.org/wiki/CYP24A1
763	Q18025454	GAS6	2621	Q21110911	https://en.wikipedia.org/wiki/GAS6
767	Q18041008	ANLN	54443	Q21111480	https://en.wikipedia.org/wiki/ANLN
769	Q17830271	BIRC2	329	Q21111704	https://en.wikipedia.org/wiki/Cellular_Inhibitor_of_Apoptosis_Protein_1
771	Q17855893	CASP4	837	Q21111755	https://en.wikipedia.org/wiki/Caspase_4
777	Q17854816	CACNA1S	779	Q21111803	https://en.wikipedia.org/wiki/Cav1.1
783	Q17907803	CCR1	1230	Q21111916	https://en.wikipedia.org/wiki/CCR1
788	Q18033808	DIRAS3	9077	Q21112216	https://en.wikipedia.org/wiki/DIRAS3_(gene)
794	Q18042935	SMURF1	57154	Q21112473	https://en.wikipedia.org/wiki/SMURF1
798	Q17855894	CASP5	838	Q21112956	https://en.wikipedia.org/wiki/Caspase_5
804	Q17858168	CD6	923	Q21113034	https://en.wikipedia.org/wiki/CD6
813	Q17859698	CD74	972	Q21113110	https://en.wikipedia.org/wiki/CD74
820	Q18029747	MYH9	4627	Q21113133	https://en.wikipedia.org/wiki/MYH9
823	Q17859685	CD58	965	Q21113587	https://en.wikipedia.org/wiki/CD58
832	Q18031419	CCL24	6369	Q21113917	https://en.wikipedia.org/wiki/CCL24
836	Q17907805	CCR3	1232	Q21113928	https://en.wikipedia.org/wiki/CCR3_(gene)
844	Q18031413	CCL14	6358	Q21113943	https://en.wikipedia.org/wiki/CCL14
850	Q17857271	CD1E	913	Q21114011	https://en.wikipedia.org/wiki/CD1E
855	Q18036720	KIF1B	23095	Q21114169	https://en.wikipedia.org/wiki/KIF1B
861	Q18033547	WASF1	8936	Q21114199	https://en.wikipedia.org/wiki/WASF1
868	Q17927053	FABP6	2172	Q21114469	https://en.wikipedia.org/wiki/FABP6
873	Q17913996	DIAPH1	1729	Q21115773	https://en.wikipedia.org/wiki/MDia1
875	Q17910993	SLC25A10	1468	Q21115798	https://en.wikipedia.org/wiki/Mitochondrial_dicarboxylate_carrier
880	Q18026484	GRIA2	2891	Q21115962	https://en.wikipedia.org/wiki/GRIA2
884	Q18026487	GRIA4	2893	Q21115965	https://en.wikipedia.org/wiki/GRIA4
889	Q17909217	CREB1	1385	Q21116771	https://en.wikipedia.org/wiki/CREB1
897	Q18032376	WT1	7490	Q21118512	https://en.wikipedia.org/wiki/WT1
903	Q18028921	MC4R	4160	Q21118676	https://en.wikipedia.org/wiki/Melanocortin_4_receptor
912	Q18031868	HNF1B	6928	Q21119107	https://en.wikipedia.org/wiki/HNF1B
918	Q18032294	UPK2	7379	Q21119204	https://en.wikipedia.org/wiki/UPK2
921	Q18027337	HSPA1A	3303	Q21119777	https://en.wikipedia.org/wiki/HSPA1B
926	Q18034459	KLK4	9622	Q21121551	https://en.wikipedia.org/wiki/KLK4
931	Q18042617	PAK6	56924	Q21121638	https://en.wikipedia.org/wiki/PAK6
934	Q18045634	NSD1	64324	Q21121755	https://en.wikipedia.org/wiki/NSD1
938	Q18030271	OGDH	4967	Q21121770	https://en.wikipedia.org/wiki/OGDH
943	Q18034010	TGM5	9333	Q21122196	https://en.wikipedia.org/wiki/TGM5
945	Q18035285	TCIRG1	10312	Q21122937	https://en.wikipedia.org/wiki/TCIRG1
950	Q18033486	PROZ	8858	Q21123783	https://en.wikipedia.org/wiki/Protein_Z
957	Q18031991	TIA1	7072	Q21123939	https://en.wikipedia.org/wiki/TIA1
960	Q18034602	ULK2	9706	Q21124698	https://en.wikipedia.org/wiki/ULK2
964	Q18026193	GM2A	2760	Q21125134	https://en.wikipedia.org/wiki/GM2A
968	Q17908417	COL9A3	1299	Q21130069	https://en.wikipedia.org/wiki/Collagen,_type_IX,_alpha_3
973	Q17859680	CD48	962	Q21130880	https://en.wikipedia.org/wiki/CD48
979	Q17860979	CEACAM5	1048	Q21132936	https://en.wikipedia.org/wiki/CEACAM5
984	Q17861530	CEACAM3	1084	Q21132937	https://en.wikipedia.org/wiki/CEACAM3
988	Q18030666	POU2F2	5452	Q21134886	https://en.wikipedia.org/wiki/Oct-2
991	Q18031587	SLIT1	6585	Q21135625	https://en.wikipedia.org/wiki/SLIT1
995	Q18031497	ST6GAL1	6480	Q21136000	https://en.wikipedia.org/wiki/ST6GAL1
998	Q18041399	SOHLH2	54937	Q21136142	https://en.wikipedia.org/wiki/C13orf38
1000	Q17928419	VEGFD	2277	Q21136433	https://en.wikipedia.org/wiki/C-fos-induced_growth_factor
1003	Q17861559	CEACAM8	1088	Q21151085	https://en.wikipedia.org/wiki/CEACAM8
1008	Q17927870	FGF5	2250	Q21157892	https://en.wikipedia.org/wiki/FGF5
1011	Q18035024	ACTR2	10097	Q21170737	https://en.wikipedia.org/wiki/ACTR2
1017	Q18033893	ARHGEF2	9181	Q21171608	https://en.wikipedia.org/wiki/ARHGEF2
1022	Q18035051	ZNF263	10127	Q21173230	https://en.wikipedia.org/wiki/Zinc_finger_protein_263
1027	Q18034075	FADS2	9415	Q21173708	https://en.wikipedia.org/wiki/FADS2
1033	Q18034099	NCR2	9436	Q21173753	https://en.wikipedia.org/wiki/NCR2
1038	Q18028869	MAP2	4133	Q21174831	https://en.wikipedia.org/wiki/Microtubule-associated_protein_2
1039	Q17858293	CD7	924	Q21100583	https://en.wikipedia.org/wiki/CD7
1049	Q18053220	FBXO15	201456	Q21101356	https://en.wikipedia.org/wiki/F-box_protein_15
1054	Q17927784	FCGR2B	2213	Q21101409	https://en.wikipedia.org/wiki/FCGR2B
1062	Q18035035	ARPC2	10109	Q21102009	https://en.wikipedia.org/wiki/ARPC2
1065	Q17908052	COL6A2	1292	Q21102483	https://en.wikipedia.org/wiki/Collagen,_type_VI,_alpha_2
1068	Q18039814	COL5A3	50509	Q21102491	https://en.wikipedia.org/wiki/Collagen,_type_V,_alpha_3
1071	Q17907906	COL4A5	1287	Q21102495	https://en.wikipedia.org/wiki/Collagen,_type_IV,_alpha_5
1074	Q18042418	INPP5E	56623	Q21103429	https://en.wikipedia.org/wiki/INPP5E
1076	Q17509718	ADAMTS17	170691	Q21105353	https://en.wikipedia.org/wiki/ADAMTS17
1080	Q18037813	SAMHD1	25939	Q21105865	https://en.wikipedia.org/wiki/SAMHD1
1084	Q18047258	TFAP2D	83741	Q21106404	https://en.wikipedia.org/wiki/TFAP2D
1087	Q18034231	GGPS1	9453	Q21106540	https://en.wikipedia.org/wiki/GGPS1
1092	Q18034918	SLC23A1	9963	Q21106653	https://en.wikipedia.org/wiki/SLC23A1
1097	Q18035398	HAX1	10456	Q21107292	https://en.wikipedia.org/wiki/HAX1
1103	Q18028014	ITGA2B	3674	Q21107760	https://en.wikipedia.org/wiki/Integrin_alpha_2b
1108	Q18043017	AICDA	57379	Q21108149	https://en.wikipedia.org/wiki/Activation-induced_cytidine_deaminase
1116	Q17860819	CD52	1043	Q21108353	https://en.wikipedia.org/wiki/CD52
1122	Q18035603	EBP	10682	Q21108560	https://en.wikipedia.org/wiki/Emopamil_binding_protein
1125	Q18043098	MTUS1	57509	Q21108982	https://en.wikipedia.org/wiki/MTUS1
1129	Q17859701	CD79B	974	Q21109695	https://en.wikipedia.org/wiki/CD79B
1134	Q18048859	CMTM7	112616	Q21110685	https://en.wikipedia.org/wiki/CKLF_like_MARVEL_transmembrane_domain_containing_7
1138	Q18042925	PAK5	57144	Q21111030	https://en.wikipedia.org/wiki/PAK5
1144	Q18037154	DICER1	23405	Q21111297	https://en.wikipedia.org/wiki/Dicer
1162	Q40108	RB1	5925	Q21111463	https://en.wikipedia.org/wiki/Retinoblastoma_protein
1174	Q18039697	HILPDA	29923	Q21111653	https://en.wikipedia.org/wiki/Hilpda
1175	Q18032250	UBC	7316	Q21111827	https://en.wikipedia.org/wiki/Ubiquitin_C
1179	Q18029685	MX1	4599	Q21111895	https://en.wikipedia.org/wiki/MX1
1182	Q18047667	COL25A1	84570	Q21111945	https://en.wikipedia.org/wiki/Collagen,_type_XXV,_alpha_1
1187	Q18040075	CRBN	51185	Q21112029	https://en.wikipedia.org/wiki/Cereblon
1194	Q18045727	SMURF2	64750	Q21112471	https://en.wikipedia.org/wiki/SMURF2
1200	Q18037186	SLC44A1	23446	Q21113086	https://en.wikipedia.org/wiki/Choline_transporter-like_protein_1
1205	Q18037159	SIRT1	23411	Q21113719	https://en.wikipedia.org/wiki/Sirtuin_1
1213	Q18035085	WASF2	10163	Q21115482	https://en.wikipedia.org/wiki/WASF2
1217	Q18032019	GPR137B	7107	Q21115919	https://en.wikipedia.org/wiki/GPR137B
1222	Q18040060	AADAT	51166	Q21116230	https://en.wikipedia.org/wiki/AADAT
1223	Q16252675	RHOXF2	84528	Q21116419	https://en.wikipedia.org/wiki/RHOXF2
1227	Q18040662	BCO1	53630	Q21116862	https://en.wikipedia.org/wiki/Beta-carotene_15,15%27-dioxygenase
1232	Q18030190	NPAS1	4861	Q21118881	https://en.wikipedia.org/wiki/NPAS1
1234	Q18032971	OFD1	8481	Q21118898	https://en.wikipedia.org/wiki/OFD1
1241	Q5009957	CDKN2A	1029	Q416259	https://en.wikipedia.org/wiki/P16
1252	Q3064159	F9	2158	Q425360	https://en.wikipedia.org/wiki/Factor_IX
1272	Q14864522	MUC16	94025	Q1032902	https://en.wikipedia.org/wiki/CA-125
1289	Q18056487	CCL4L1	388372	Q5009626	https://en.wikipedia.org/wiki/CCL4
1298	Q14911765	CD207	50489	Q6485957	https://en.wikipedia.org/wiki/Langerin
1305	Q5009957	CDKN2A	1029	Q7117832	https://en.wikipedia.org/wiki/P14arf
1311	Q417169	PLAU	5328	Q7119591	https://en.wikipedia.org/wiki/Urokinase
1327	Q18048633	MRRF	92399	Q7322422	https://en.wikipedia.org/wiki/Ribosome_recycling_factor
1331	Q5398950	VEGFC	7424	Q7916457	https://en.wikipedia.org/wiki/Vascular_endothelial_growth_factor_C
1334	Q14905312	MASP1	5648	Q14905310	https://en.wikipedia.org/wiki/Map44
1336	Q18047355	BRIP1	83990	Q21100487	https://en.wikipedia.org/wiki/BRIP1
1341	Q18034179	GSTO1	9446	Q21119025	https://en.wikipedia.org/wiki/GSTO1
1344	Q18033992	MMP20	9313	Q21119452	https://en.wikipedia.org/wiki/MMP20
1347	Q18028274	KIR2DL3	3804	Q21119881	https://en.wikipedia.org/wiki/Killer_cell_immunoglobulin-like_receptor_2DL3
1349	Q18035505	POMT1	10585	Q21120465	https://en.wikipedia.org/wiki/POMT1
1353	Q18035925	LYVE1	10894	Q21120734	https://en.wikipedia.org/wiki/LYVE1
1357	Q18033040	LIPF	8513	Q21120778	https://en.wikipedia.org/wiki/Lingual_lipase
1362	Q18046597	UXS1	80146	Q21122287	https://en.wikipedia.org/wiki/UXS1
1366	Q18028580	LIPA	3988	Q21122300	https://en.wikipedia.org/wiki/Lysosomal_lipase
1371	Q18035440	SEMA4D	10507	Q21122797	https://en.wikipedia.org/wiki/SEMA4D
1377	Q18042379	METTL3	56339	Q21124024	https://en.wikipedia.org/wiki/METTL3
1382	Q18051947	NFAM1	150372	Q21124067	https://en.wikipedia.org/wiki/Nfat_activating_protein_with_itam_motif_1
1385	Q18031353	S100A7	6278	Q21124358	https://en.wikipedia.org/wiki/S100A7
1387	Q18031542	SLC6A11	6538	Q21124446	https://en.wikipedia.org/wiki/GABA_transporter_type_3
1388	Q18047463	SETD3	84193	Q21124480	https://en.wikipedia.org/wiki/SETD3_(gene)
1392	Q18033292	TNFSF9	8744	Q21124647	https://en.wikipedia.org/wiki/TNFSF9
1396	Q18036676	WDTC1	23038	Q21124733	https://en.wikipedia.org/wiki/WDTC1
1399	Q18047276	USP26	83844	Q21125584	https://en.wikipedia.org/wiki/USP26
1401	Q18031967	TFR2	7036	Q21126558	https://en.wikipedia.org/wiki/Transferrin_receptor_2
1407	Q18030905	PTGS1	5742	Q21126810	https://en.wikipedia.org/wiki/PTGS1
1416	Q17907898	COL4A4	1286	Q21130063	https://en.wikipedia.org/wiki/Collagen,_type_IV,_alpha_4
1422	Q18035299	AKR1A1	10327	Q21130492	https://en.wikipedia.org/wiki/Aldo-keto_reductase_family_1,_member_A1
1426	Q17859534	ENTPD1	953	Q21130607	https://en.wikipedia.org/wiki/ENTPD1
1432	Q18051437	OTOA	146183	Q21130984	https://en.wikipedia.org/wiki/Otoancorin
1435	Q18030593	PLK1	5347	Q21131841	https://en.wikipedia.org/wiki/PLK1
1441	Q18028659	LRP2	4036	Q21202030	https://en.wikipedia.org/wiki/LRP2
1444	Q18036697	EMC1	23065	Q21204276	https://en.wikipedia.org/wiki/KIAA0090
1450	Q17859705	ADGRE5	976	Q21422902	https://en.wikipedia.org/wiki/CD97
1455	Q18040885	SMIM11	54065	Q21979550	https://en.wikipedia.org/wiki/SMIM11A
1457	Q18034054	LIPG	9388	Q22676900	https://en.wikipedia.org/wiki/Endothelial_lipase
1464	Q18037056	POFUT2	23275	Q22677523	https://en.wikipedia.org/wiki/GDP-fucose_protein_O-fucosyltransferase_2
1466	Q18046025	FKRP	79147	Q22683586	https://en.wikipedia.org/wiki/Fukutin-related_protein
1468	Q18040685	FXYD4	53828	Q21132069	https://en.wikipedia.org/wiki/Channel-inducing_factor_4
1471	Q18028676	LSAMP	4045	Q21133712	https://en.wikipedia.org/wiki/Limbic_system-associated_membrane_protein
1474	Q18046644	SPG11	80208	Q21133845	https://en.wikipedia.org/wiki/SPG11
1477	Q18037248	PRAME	23532	Q21134188	https://en.wikipedia.org/wiki/PRAME
1481	Q18049039	PGLYRP3	114771	Q21134682	https://en.wikipedia.org/wiki/Peptidoglycan_recognition_protein_3
1482	Q18046817	TAS1R2	80834	Q21134849	https://en.wikipedia.org/wiki/TAS1R2
1489	Q18041486	TMEM255A	55026	Q21135075	https://en.wikipedia.org/wiki/Transmembrane_protein_255A
1493	Q18036055	UPK1A	11045	Q21135177	https://en.wikipedia.org/wiki/UPK1A
1499	Q18032274	UPK1B	7348	Q21135178	https://en.wikipedia.org/wiki/UPK1B
1502	Q18034055	SLC22A14	9389	Q21135952	https://en.wikipedia.org/wiki/SLC22A14
1504	Q18033443	FGF18	8817	Q21154396	https://en.wikipedia.org/wiki/FGF18
1510	Q18031006	RAC3	5881	Q21154420	https://en.wikipedia.org/wiki/RAC3
1514	Q18031383	ATXN2	6311	Q21171902	https://en.wikipedia.org/wiki/Ataxin-2
1519	Q18034651	HDAC4	9759	Q21173206	https://en.wikipedia.org/wiki/HDAC4
1527	Q20970133	BLNK	29760	Q21173210	https://en.wikipedia.org/wiki/B-cell_linker
1532	Q18028916	MC1R	4157	Q21173746	https://en.wikipedia.org/wiki/Melanocortin_1_receptor
1545	Q18053898	NCR3	259197	Q21173751	https://en.wikipedia.org/wiki/NCR3
1553	Q18035023	ACTR3	10096	Q21201275	https://en.wikipedia.org/wiki/ACTR3
1559	Q21163314	CNR1	1268	Q21201294	https://en.wikipedia.org/wiki/Cannabinoid_receptor_type_1
1568	Q14905696	COL27A1	85301	Q5145904	https://en.wikipedia.org/wiki/Collagen,_type_XXVII,_alpha_1
1572	Q18031659	SP100	6672	Q21096399	https://en.wikipedia.org/wiki/Sp100_nuclear_antigen
1577	Q17927763	FCGR1A	2209	Q21101398	https://en.wikipedia.org/wiki/FCGR1A
1582	Q18038053	ARHGEF26	26084	Q21101989	https://en.wikipedia.org/wiki/SGEF
1585	Q18043033	C3orf14	57415	Q21102276	https://en.wikipedia.org/wiki/C3orf14
1591	Q17914012	DLG4	1742	Q21102524	https://en.wikipedia.org/wiki/DLG4
1597	Q18030336	PAEP	5047	Q21103278	https://en.wikipedia.org/wiki/PAEP
1601	Q18026810	HBD	3045	Q21103339	https://en.wikipedia.org/wiki/HBD
1604	Q18026804	HBM	3042	Q21103345	https://en.wikipedia.org/wiki/Mu_hemoglobin
1608	Q18032894	SLC25A11	8402	Q21104648	https://en.wikipedia.org/wiki/Mitochondrial_2-oxoglutarate/malate_carrier_protein
1611	Q18046034	GNPTAB	79158	Q21104958	https://en.wikipedia.org/wiki/N-acetylglucosamine-1-phosphate_transferase
1614	Q18048723	CACNA2D4	93589	Q21105539	https://en.wikipedia.org/wiki/CACNA2D4
1618	Q18049631	DIPK1C	125704	Q21105953	https://en.wikipedia.org/wiki/FAM69C
1621	Q18030485	PFKL	5211	Q21106274	https://en.wikipedia.org/wiki/PFKL
1629	Q18042154	ANGPTL8	55908	Q21106674	https://en.wikipedia.org/wiki/ANGPTL8
1635	Q18027049	FOXA2	3170	Q21107432	https://en.wikipedia.org/wiki/FOXA2
1639	Q18027984	ITGA6	3655	Q21107772	https://en.wikipedia.org/wiki/Integrin_alpha_6
1644	Q18035302	CNPY2	10330	Q21108424	https://en.wikipedia.org/wiki/CNPY2
1647	Q18051990	ERFE	151176	Q21108566	https://en.wikipedia.org/wiki/Erythroferrone
1651	Q18045569	NPVF	64111	Q21109089	https://en.wikipedia.org/wiki/Neuropeptide_VF_precursor
1654	Q18032199	TSC2	7249	Q21109261	https://en.wikipedia.org/wiki/TSC2
1663	Q18035228	PAK4	10298	Q21109711	https://en.wikipedia.org/wiki/PAK4
1665	Q18047556	C7orf50	84310	Q21109772	https://en.wikipedia.org/wiki/C7orf50
1666	Q5013316	COL21A1	81578	Q21109893	https://en.wikipedia.org/wiki/Collagen,_type_XXI,_alpha_1
1671	Q18028017	ITGA5	3678	Q21110097	https://en.wikipedia.org/wiki/Integrin_alpha_5
1676	Q18030434	ENPP1	5167	Q21110158	https://en.wikipedia.org/wiki/Ectonucleotide_pyrophosphatase/phosphodiesterase_1
1679	Q18043118	HACE1	57531	Q21111011	https://en.wikipedia.org/wiki/Hect_domain_and_ankyrin_repeat_containing_e3_ubiquitin_protein_ligase_1
1683	Q18045582	IFIH1	64135	Q21111069	https://en.wikipedia.org/wiki/MDA5
1687	Q18031736	SSX2	6757	Q21112522	https://en.wikipedia.org/wiki/SSX2
1692	Q18035477	ARPC1A	10552	Q21112693	https://en.wikipedia.org/wiki/ARPC1A
1697	Q18027847	CXCR1	3577	Q21113124	https://en.wikipedia.org/wiki/Interleukin_8_receptor,_alpha
1703	Q18027819	IL2RA	3559	Q21113423	https://en.wikipedia.org/wiki/IL2RA
1712	Q18050486	JMY	133746	Q21113461	https://en.wikipedia.org/wiki/Junction-mediating_and_regulatory_protein
1713	Q18034442	ABCG1	9619	Q21113668	https://en.wikipedia.org/wiki/ABCG1
1718	Q18031415	CCL16	6360	Q21113921	https://en.wikipedia.org/wiki/CCL16
1725	Q18031414	CCL15	6359	Q21113944	https://en.wikipedia.org/wiki/CCL15
1729	Q18042391	CCL28	56477	Q21113988	https://en.wikipedia.org/wiki/CCL28
1735	Q18035973	STARD3	10948	Q21114649	https://en.wikipedia.org/wiki/Star_related_lipid_transfer_domain_containing_3
1740	Q18031649	SOX2	6657	Q21114866	https://en.wikipedia.org/wiki/SOX2
1749	Q18031569	SLC16A1	6566	Q21115754	https://en.wikipedia.org/wiki/Monocarboxylate_transporter_1
1754	Q18027548	IDH2	3418	Q21116031	https://en.wikipedia.org/wiki/IDH2
1757	Q18038650	AFF4	27125	Q21116432	https://en.wikipedia.org/wiki/MCEF
1761	Q18047353	NCALD	83988	Q21116906	https://en.wikipedia.org/wiki/Neurocalcin
1762	Q18041640	CCDC198	55195	Q21117263	https://en.wikipedia.org/wiki/CCDC198
1764	Q18040230	ZBTB7A	51341	Q21118320	https://en.wikipedia.org/wiki/Zbtb7
1772	Q18029677	MUSK	4593	Q21118344	https://en.wikipedia.org/wiki/MuSK_protein
1778	Q18027378	HSP90AA2P	3324	Q21118358	https://en.wikipedia.org/wiki/HSP90AA2
1781	Q18026909	HK1	3098	Q21118399	https://en.wikipedia.org/wiki/HK1
1786	Q18026912	HK2	3099	Q21118406	https://en.wikipedia.org/wiki/HK2
1790	Q18031994	TIE1	7075	Q21118514	https://en.wikipedia.org/wiki/TIE1
1795	Q18047688	KISS1R	84634	Q21118623	https://en.wikipedia.org/wiki/KiSS1-derived_peptide_receptor
1801	Q18028918	MC3R	4159	Q21118678	https://en.wikipedia.org/wiki/Melanocortin_3_receptor
1805	Q18028374	KRT6B	3854	Q21118931	https://en.wikipedia.org/wiki/Keratin_6B
1806	Q18047494	RTL6	84247	Q21119290	https://en.wikipedia.org/wiki/RTL6
1807	Q18028310	KLRC1	3821	Q21119386	https://en.wikipedia.org/wiki/NKG2
1814	Q18030513	SLC25A3	5250	Q21119487	https://en.wikipedia.org/wiki/Phosphate_carrier_protein,_mitochondrial
1819	Q18036597	PLA2R1	22925	Q21119732	https://en.wikipedia.org/wiki/PLA2R1
1825	Q18033467	GMPS	8833	Q21119761	https://en.wikipedia.org/wiki/GMP_synthase
1833	Q18027340	HSPA1B	3304	Q21119777	https://en.wikipedia.org/wiki/HSPA1B
1839	Q18033263	RNMT	8731	Q21119977	https://en.wikipedia.org/wiki/MRNA_(guanine-N7-)-methyltransferase
1845	Q18030489	PFKP	5214	Q21120435	https://en.wikipedia.org/wiki/PFKP
1851	Q18029061	MFAP4	4239	Q21121672	https://en.wikipedia.org/wiki/MFAP4
1853	Q18036456	MGAT4B	11282	Q21122977	https://en.wikipedia.org/wiki/MGAT4B
1857	Q18029579	MTTP	4547	Q21122998	https://en.wikipedia.org/wiki/Microsomal_triglyceride_transfer_protein
1863	Q18031813	TAC1	6863	Q21123080	https://en.wikipedia.org/wiki/TAC1
1869	Q18030420	PDGFA	5154	Q21123233	https://en.wikipedia.org/wiki/PDGFA
1874	Q18030559	PIP	5304	Q21124285	https://en.wikipedia.org/wiki/Prolactin-induced_protein
1880	Q18030174	NODAL	4838	Q21124872	https://en.wikipedia.org/wiki/NODAL
1883	Q18030331	PEBP1	5037	Q21125806	https://en.wikipedia.org/wiki/Raf_kinase_inhibitor_protein
1885	Q18031576	SLC19A1	6573	Q21126218	https://en.wikipedia.org/wiki/Folate_transporter_1
1889	Q18046695	TET1	80312	Q21127389	https://en.wikipedia.org/wiki/Tet_methylcytosine_dioxygenase_1
1895	Q18030341	PAK2	5062	Q21130016	https://en.wikipedia.org/wiki/PAK2
1901	Q18027002	HMGB1	3146	Q21130552	https://en.wikipedia.org/wiki/HMGB1
1908	Q18038572	PELP1	27043	Q21130793	https://en.wikipedia.org/wiki/PELP-1
1912	Q18033988	CD83	9308	Q21131209	https://en.wikipedia.org/wiki/CD83
1918	Q18035022	ARPC1B	10095	Q21132109	https://en.wikipedia.org/wiki/ARPC1B
1921	Q18040679	FXYD6	53826	Q21132190	https://en.wikipedia.org/wiki/FXYD6
1924	Q18030558	PIN4	5303	Q21132604	https://en.wikipedia.org/wiki/Parvulin_17
1927	Q18035976	SEC61B	10952	Q21132756	https://en.wikipedia.org/wiki/SEC61B
1930	Q18041485	BANK1	55024	Q21132760	https://en.wikipedia.org/wiki/Bank1
1933	Q18041714	NUDT15	55270	Q21133396	https://en.wikipedia.org/wiki/NUDT15
1934	Q18033537	HERC2	8924	Q21133440	https://en.wikipedia.org/wiki/E3_ubiquitin_ligase_HERC2
1942	Q18038782	TOX3	27324	Q21134657	https://en.wikipedia.org/wiki/TOX3
1945	Q18033466	CD84	8832	Q21134827	https://en.wikipedia.org/wiki/CD84
1950	Q18046635	TMEM254	80195	Q21136319	https://en.wikipedia.org/wiki/Transmembrane_protein_254
1954	Q17907844	CNR2	1269	Q21150595	https://en.wikipedia.org/wiki/Cannabinoid_receptor_type_2
1966	Q17910404	CSH1	1442	Q21154415	https://en.wikipedia.org/wiki/Human_placental_lactogen
1978	Q18034061	CD101	9398	Q21171768	https://en.wikipedia.org/wiki/IGSF2
1982	Q18031384	ATXN7	6314	Q21172190	https://en.wikipedia.org/wiki/Ataxin_7
1987	Q18031410	CCL1	6346	Q21172202	https://en.wikipedia.org/wiki/CCL1
1996	Q18035042	ENAM	10117	Q21172859	https://en.wikipedia.org/wiki/Enamelin
2009	Q18032037	TNF	7124	Q21173843	https://en.wikipedia.org/wiki/Tumor_necrosis_factor
2035	Q18045483	PIEZO2	63895	Q21173849	https://en.wikipedia.org/wiki/PIEZO2
2041	Q18034863	SV2A	9900	Q21174209	https://en.wikipedia.org/wiki/SV2A
2047	Q18035659	RAI1	10743	Q21174723	https://en.wikipedia.org/wiki/RAI1
2051	Q18031648	SOX1	6656	Q21174990	https://en.wikipedia.org/wiki/SOX1
2053	Q18036491	SYNPO	11346	Q21174993	https://en.wikipedia.org/wiki/SYNPO
2058	Q18024958	SLC37A4	2542	Q22677303	https://en.wikipedia.org/wiki/Glucose-6-phosphate_exchanger_SLC37A4
2062	Q17836807	BAAT	570	Q22678293	https://en.wikipedia.org/wiki/BAAT
2065	Q18025689	OPN1MW	2652	Q23301892	https://en.wikipedia.org/wiki/OPN1MW2
2068	Q14864473	OPN4	94233	Q92594	https://en.wikipedia.org/wiki/Melanopsin
2089	Q14864006	GNRH1	2796	Q318896	https://en.wikipedia.org/wiki/Gonadotropin-releasing_hormone
2125	Q14862722	F12	2161	Q339499	https://en.wikipedia.org/wiki/Factor_XII
2142	Q14864913	TRIM5	85363	Q408249	https://en.wikipedia.org/wiki/TRIM5alpha
2149	Q14914077	PPAT	5471	Q408291	https://en.wikipedia.org/wiki/Amidophosphoribosyltransferase
2161	Q14907850	SIGMAR1	10280	Q408572	https://en.wikipedia.org/wiki/Sigma-1_receptor
2170	Q14889782	NF2	4771	Q410233	https://en.wikipedia.org/wiki/Merlin_(protein)
2180	Q14864863	VIM	7431	Q411624	https://en.wikipedia.org/wiki/Vimentin
2195	Q14912990	SQLE	6713	Q414248	https://en.wikipedia.org/wiki/Squalene_monooxygenase
2206	Q14863048	PLAT	5327	Q416351	https://en.wikipedia.org/wiki/Tissue_plasminogen_activator
2225	Q14864939	PROS1	5627	Q419774	https://en.wikipedia.org/wiki/Protein_S
2239	Q14906162	SPARC	6678	Q422360	https://en.wikipedia.org/wiki/Osteonectin
2247	Q14907310	KISS1	3814	Q909371	https://en.wikipedia.org/wiki/Kisspeptin
2256	Q15319826	FKTN	2218	Q1473399	https://en.wikipedia.org/wiki/Fukutin
2262	Q14912481	SLC5A5	6528	Q1738547	https://en.wikipedia.org/wiki/Sodium/iodide_cotransporter
2266	Q14876034	PRG2	5553	Q1886099	https://en.wikipedia.org/wiki/Major_basic_protein
2275	Q14907795	CCL19	6363	Q3648588	https://en.wikipedia.org/wiki/CCL19
2284	Q12242652	PTPRC	5788	Q4046258	https://en.wikipedia.org/wiki/PTPRC
2296	Q14912125	ITGA1	3672	Q4201946	https://en.wikipedia.org/wiki/Integrin_alpha_1
2302	Q14912131	ITGA2	3673	Q4201948	https://en.wikipedia.org/wiki/Integrin_alpha_2
2308	Q14912139	ITGA3	3675	Q4201950	https://en.wikipedia.org/wiki/Integrin_alpha_3
2315	Q14904987	ITGAX	3687	Q4201963	https://en.wikipedia.org/wiki/Integrin_alpha_X
2323	Q14912083	ITGB1	3688	Q4201966	https://en.wikipedia.org/wiki/Integrin_beta_1
2332	Q14905526	CD1D	912	Q4216825	https://en.wikipedia.org/wiki/CD1D
2337	Q12856785	CTSV	1515	Q4217287	https://en.wikipedia.org/wiki/Cathepsin_V
2342	Q14911829	LMNA	4000	Q4253573	https://en.wikipedia.org/wiki/Pre-Lamin_A/C
2344	Q14905417	AMPD1	270	Q4652703	https://en.wikipedia.org/wiki/AMP_deaminase
2353	Q14908120	ATR	545	Q4812911	https://en.wikipedia.org/wiki/Ataxia_telangiectasia_and_Rad3_related
2360	Q14876567	FCER2	2208	Q4845302	https://en.wikipedia.org/wiki/CD23
2369	Q14911907	JUN	3725	Q5005943	https://en.wikipedia.org/wiki/C-jun
2374	Q14912228	C5AR1	728	Q5008266	https://en.wikipedia.org/wiki/C5a_receptor
2384	Q14907547	CCL3	6348	Q5009623	https://en.wikipedia.org/wiki/CCL3
2391	Q14907639	CCL7	6354	Q5009628	https://en.wikipedia.org/wiki/CCL7
2398	Q14907647	CCL8	6355	Q5009629	https://en.wikipedia.org/wiki/CCL8
2405	Q14906101	MS4A1	931	Q5009796	https://en.wikipedia.org/wiki/CD20
2416	Q14908194	CD22	933	Q5009798	https://en.wikipedia.org/wiki/CD22
2426	Q15315373	CD37	951	Q5009816	https://en.wikipedia.org/wiki/CD37
2434	Q14907527	CD86	942	Q5009846	https://en.wikipedia.org/wiki/CD86
2442	Q14906178	THY1	7070	Q5009851	https://en.wikipedia.org/wiki/CD90
2448	Q15317046	COL1A2	1278	Q5013311	https://en.wikipedia.org/wiki/Collagen,_type_I,_alpha_2
2451	Q15311996	COL5A2	1290	Q5013327	https://en.wikipedia.org/wiki/Collagen,_type_V,_alpha_2
2455	Q15326621	CSNK1E	1454	Q5014192	https://en.wikipedia.org/wiki/CSNK1E
2459	Q14907836	CXCL5	6374	Q5014889	https://en.wikipedia.org/wiki/CXCL5
2469	Q14883171	PLAUR	5329	Q7900869	https://en.wikipedia.org/wiki/Urokinase_receptor
2478	Q14863971	WAS	7454	Q8027658	https://en.wikipedia.org/wiki/Wiskott%E2%80%93Aldrich_syndrome_protein
2483	Q18046666	PIGZ	80235	Q16866853	https://en.wikipedia.org/wiki/Mannosyltransferase
2487	Q17928794	FOXO3	2309	Q21101484	https://en.wikipedia.org/wiki/FOXO3
2494	Q18050718	CFAP95	138255	Q21102348	https://en.wikipedia.org/wiki/C9orf135
2496	Q18026817	HBG1	3047	Q21103343	https://en.wikipedia.org/wiki/HBG1
2501	Q18037208	ISCU	23479	Q21105385	https://en.wikipedia.org/wiki/ISCU
2506	Q18032044	TNFRSF1A	7132	Q21110955	https://en.wikipedia.org/wiki/Tumor_necrosis_factor_receptor_1
2510	Q18030168	NMB	4828	Q21111685	https://en.wikipedia.org/wiki/Neuromedin_B
2518	Q18029537	MTHFD1	4522	Q21111753	https://en.wikipedia.org/wiki/MTHFD1
2521	Q18044805	CXCL16	58191	Q21112082	https://en.wikipedia.org/wiki/CXCL16
2526	Q18026559	CXCL2	2920	Q21113119	https://en.wikipedia.org/wiki/CXCL2
2532	Q18053232	TIGIT	201633	Q21114021	https://en.wikipedia.org/wiki/TIGIT
2534	Q18057776	FIGNL2	401720	Q21114500	https://en.wikipedia.org/wiki/Fidgetin-like_2
2536	Q18030983	PYGM	5837	Q21115156	https://en.wikipedia.org/wiki/Myophosphorylase
2538	Q18027827	IL3RA	3563	Q21116062	https://en.wikipedia.org/wiki/Interleukin-3_receptor
2547	Q18027814	IL1R1	3554	Q21117797	https://en.wikipedia.org/wiki/Interleukin_1_receptor,_type_I
2549	Q18030488	PFKM	5213	Q21120434	https://en.wikipedia.org/wiki/PFKM
2557	Q18030959	PTX3	5806	Q21120502	https://en.wikipedia.org/wiki/PTX3
2562	Q18048865	IL17F	112744	Q21120649	https://en.wikipedia.org/wiki/Interleukin_17F
2563	Q18040395	IL23A	51561	Q21120657	https://en.wikipedia.org/wiki/Interleukin_23_subunit_alpha
2568	Q18048779	LENG9	94059	Q21120770	https://en.wikipedia.org/wiki/LENG9
2570	Q18029045	MEST	4232	Q21120830	https://en.wikipedia.org/wiki/Mesoderm-specific_transcript_homolog_protein
2575	Q17913210	DBT	1629	Q21121763	https://en.wikipedia.org/wiki/DBT_(gene)
2580	Q18032794	TKTL1	8277	Q21122204	https://en.wikipedia.org/wiki/TKTL1
2584	Q18050786	ZFP92	139735	Q21124008	https://en.wikipedia.org/wiki/ZFP92
2588	Q18042889	PNPLA2	57104	Q21126841	https://en.wikipedia.org/wiki/Adipose_triglyceride_lipase
2592	Q18040228	DACT1	51339	Q21131027	https://en.wikipedia.org/wiki/Dishevelled_binding_antagonist_of_beta_catenin_1
2595	Q18037209	SEC61G	23480	Q21133959	https://en.wikipedia.org/wiki/SEC61G
2599	Q18031493	SI	6476	Q21137691	https://en.wikipedia.org/wiki/Sucrase-isomaltase
2604	Q18027484	ICAM4	3386	Q21141708	https://en.wikipedia.org/wiki/ICAM4
2605	Q18037819	NECTIN3	25945	Q21173195	https://en.wikipedia.org/wiki/Nectin-3
2606	Q18047591	ECRG4	84417	Q21173382	https://en.wikipedia.org/wiki/Augurin
2610	Q18042046	ZNF839	55778	Q21202302	https://en.wikipedia.org/wiki/Zinc_finger_protein_839
2611	Q18029114	CD99	4267	Q21204150	https://en.wikipedia.org/wiki/CD99
2618	Q18030399	PDCD1	5133	Q21208025	https://en.wikipedia.org/wiki/Programmed_cell_death_protein_1
2631	Q18041019	XRN1	54464	Q21245962	https://en.wikipedia.org/wiki/XRN1_(gene)
2635	Q18030224	NT5E	4907	Q22676779	https://en.wikipedia.org/wiki/NT5E
2641	Q18031813	TAC1	6863	Q25323978	https://en.wikipedia.org/wiki/Neuropeptide_K
2643	Q14916181	CYP2C9	1559	Q5014962	https://en.wikipedia.org/wiki/CYP2C9
2649	Q14912537	CPT2	1376	Q5044071	https://en.wikipedia.org/wiki/Carnitine_palmitoyltransferase_II
2659	Q14881725	COL1A1	1277	Q5145884	https://en.wikipedia.org/wiki/Collagen,_type_I,_alpha_1
2666	Q15311973	COL5A1	1289	Q5145890	https://en.wikipedia.org/wiki/Collagen,_type_V,_alpha_1
2669	Q14914164	COL17A1	1308	Q5145901	https://en.wikipedia.org/wiki/Collagen,_type_XVII,_alpha_1
2677	Q14864533	CR1	1378	Q5156411	https://en.wikipedia.org/wiki/Complement_receptor_1
2680	Q14913093	CBS	875	Q5201183	https://en.wikipedia.org/wiki/Cystathionine_beta_synthase
2687	Q14906140	DAG1	1605	Q5319588	https://en.wikipedia.org/wiki/Dystroglycan
2693	Q14905160	GNAS	2778	Q5513929	https://en.wikipedia.org/wiki/Gs_alpha_subunit
2698	Q14821391	GCG	2641	Q5572288	https://en.wikipedia.org/wiki/Glucagon-like_peptide-2
2704	Q14914496	JAK3	3718	Q6155969	https://en.wikipedia.org/wiki/Janus_kinase_3
2710	Q14908197	KLRD1	3824	Q6332991	https://en.wikipedia.org/wiki/KLRD1
2716	Q14916393	VTN	7448	Q6587033	https://en.wikipedia.org/wiki/Vitronectin
2728	Q14876222	MOG	4340	Q6947292	https://en.wikipedia.org/wiki/Myelin_oligodendrocyte_glycoprotein
2731	Q14819793	POMC	5443	Q6951408	https://en.wikipedia.org/wiki/N-Terminal_peptide_of_proopiomelanocortin
2734	Q14911607	NCSTN	23385	Q7024546	https://en.wikipedia.org/wiki/Nicastrin
2736	Q14907462	SLC26A4	5172	Q7162516	https://en.wikipedia.org/wiki/Cl-formate_exchanger
2738	Q14907337	SYK	6850	Q7660502	https://en.wikipedia.org/wiki/Tyrosine-protein_kinase_SYK
2755	Q14821391	GCG	2641	Q170617	https://en.wikipedia.org/wiki/Glucagon
2820	Q14819296	MB	4151	Q192642	https://en.wikipedia.org/wiki/Myoglobin
2848	Q14907844	FXN	2395	Q409999	https://en.wikipedia.org/wiki/Frataxin
2860	Q14864515	IL2	3558	Q410130	https://en.wikipedia.org/wiki/Interleukin_2
2885	Q14860818	SLC6A4	6532	Q410142	https://en.wikipedia.org/wiki/Serotonin_transporter
2899	Q14864016	LTF	4057	Q410246	https://en.wikipedia.org/wiki/Lactoferrin
2921	Q14865580	PDE5A	8654	Q410798	https://en.wikipedia.org/wiki/CGMP-specific_phosphodiesterase_type_5
2931	Q14916410	IL1B	3553	Q411529	https://en.wikipedia.org/wiki/Interleukin_1_beta
2954	Q14897674	PLIN1	5346	Q415624	https://en.wikipedia.org/wiki/Perilipin-1
2962	Q14912589	NOD2	64127	Q416481	https://en.wikipedia.org/wiki/NOD2
2973	Q14904948	GAL	51083	Q417867	https://en.wikipedia.org/wiki/Galanin
2984	Q14865761	GPI	2821	Q418097	https://en.wikipedia.org/wiki/Glucose-6-phosphate_isomerase
3003	Q14863119	CSF3	1440	Q419327	https://en.wikipedia.org/wiki/Granulocyte_colony-stimulating_factor
3013	Q14909011	DLD	1738	Q419337	https://en.wikipedia.org/wiki/Dihydrolipoamide_dehydrogenase
3026	Q14907096	LOX	4015	Q419389	https://en.wikipedia.org/wiki/Lysyl_oxidase
3040	Q14882371	HAMP	57817	Q419983	https://en.wikipedia.org/wiki/HAMP
3066	Q14818098	TP53	7157	Q283350	https://en.wikipedia.org/wiki/P53
3094	Q14872768	HRH4	59340	Q288382	https://en.wikipedia.org/wiki/Histamine_H4_receptor
3103	Q14865484	HRH3	11255	Q288395	https://en.wikipedia.org/wiki/Histamine_H3_receptor
3113	Q14877161	HRH1	3269	Q309513	https://en.wikipedia.org/wiki/Histamine_H1_receptor
3126	Q14904864	FST	10468	Q408122	https://en.wikipedia.org/wiki/Follistatin
3133	Q14888124	UROD	7389	Q409065	https://en.wikipedia.org/wiki/Uroporphyrinogen_III_decarboxylase
3143	Q14876614	SPP1	6696	Q411994	https://en.wikipedia.org/wiki/Osteopontin
3159	Q14860778	TG	7038	Q412228	https://en.wikipedia.org/wiki/Thyroglobulin
3181	Q14819473	FN1	2335	Q413766	https://en.wikipedia.org/wiki/Fibronectin
3202	Q14874301	KL	9365	Q414050	https://en.wikipedia.org/wiki/Klotho_(biology)
3212	Q14911850	MME	4311	Q414232	https://en.wikipedia.org/wiki/Neprilysin
3228	Q14904818	HMBS	3145	Q415227	https://en.wikipedia.org/wiki/Porphobilinogen_deaminase
3240	Q14907664	MBL2	4153	Q415443	https://en.wikipedia.org/wiki/Mannan-binding_lectin
3256	Q14905564	UMOD	7369	Q420024	https://en.wikipedia.org/wiki/Uromodulin
3267	Q14851781	PAH	5053	Q420604	https://en.wikipedia.org/wiki/Phenylalanine_hydroxylase
3285	Q14864628	TXN	7295	Q421219	https://en.wikipedia.org/wiki/Thioredoxin
3295	Q14913011	MVK	4598	Q424031	https://en.wikipedia.org/wiki/Mevalonate_kinase
3307	Q14905542	HBB	3043	Q424422	https://en.wikipedia.org/wiki/Hemoglobin_subunit_beta
3315	Q14821391	GCG	2641	Q424611	https://en.wikipedia.org/wiki/Glucagon-like_peptide-1
3334	Q14865261	PNLIP	5406	Q424693	https://en.wikipedia.org/wiki/Pancreatic_lipase_family
3342	Q14878795	LIF	3976	Q6534502	https://en.wikipedia.org/wiki/Leukemia_inhibitory_factor
3351	Q15334980	PAK1	5058	Q7118116	https://en.wikipedia.org/wiki/PAK1
3356	Q14905473	VHL	7428	Q7941454	https://en.wikipedia.org/wiki/Von_Hippel%E2%80%93Lindau_tumor_suppressor
3367	Q424232	ALB	213	Q11721976	https://en.wikipedia.org/wiki/Human_serum_albumin
3382	Q414043	RELN	5649	Q13561329	https://en.wikipedia.org/wiki/Reelin
3395	Q18047440	C19orf44	84167	Q21108461	https://en.wikipedia.org/wiki/C19orf44
3400	Q18035884	CLPX	10845	Q21109856	https://en.wikipedia.org/wiki/ClpX
3403	Q18038192	CLEC4E	26253	Q21114193	https://en.wikipedia.org/wiki/Mincle_receptor
3407	Q18046800	COL18A1	80781	Q21116171	https://en.wikipedia.org/wiki/Collagen,_type_XVIII,_alpha_1
3412	Q18036592	CD93	22918	Q21116923	https://en.wikipedia.org/wiki/CD93
3417	Q18055577	CRACDL	343990	Q21118466	https://en.wikipedia.org/wiki/KIAA1211L
3419	Q18055383	MYLK4	340156	Q21118822	https://en.wikipedia.org/wiki/MYLK4
3422	Q18039728	POMT2	29954	Q21120464	https://en.wikipedia.org/wiki/POMT2
3427	Q18048901	SLC46A1	113235	Q21121086	https://en.wikipedia.org/wiki/Proton-coupled_folate_transporter
3432	Q18047861	NFATC2IP	84901	Q21124066	https://en.wikipedia.org/wiki/Nuclear_factor_of_activated_t_cells_2_interacting_protein
3433	Q18046818	TAS1R1	80835	Q21126654	https://en.wikipedia.org/wiki/TAS1R1
3441	Q18042805	ACKR3	57007	Q21129997	https://en.wikipedia.org/wiki/ACKR3
3451	Q14907505	CD80	941	Q5009843	https://en.wikipedia.org/wiki/CD80
3462	Q14907873	CXCL13	10563	Q5014877	https://en.wikipedia.org/wiki/CXCL13
3470	Q14907809	CXCL1	2919	Q5014879	https://en.wikipedia.org/wiki/CXCL1
3479	Q14911652	PPBP	5473	Q5014895	https://en.wikipedia.org/wiki/CXCL7
3488	Q14906847	COL3A1	1281	Q5145885	https://en.wikipedia.org/wiki/Collagen,_type_III,_alpha_1
3494	Q14877681	COL2A1	1280	Q5145888	https://en.wikipedia.org/wiki/Collagen,_type_II,_alpha_1
3500	Q14909398	POR	5447	Q5201343	https://en.wikipedia.org/wiki/Cytochrome_P450_reductase
3510	Q14905317	CD55	1604	Q5248822	https://en.wikipedia.org/wiki/Decay-accelerating_factor
3517	Q14865090	ALDOA	226	Q5255119	https://en.wikipedia.org/wiki/Aldolase_A
3524	Q5205018	DHH	50846	Q5264074	https://en.wikipedia.org/wiki/Desert_hedgehog_protein
3527	Q14906111	DSP	1832	Q5264821	https://en.wikipedia.org/wiki/Desmoplakin
3533	Q14882921	HMOX1	3162	Q5631153	https://en.wikipedia.org/wiki/HMOX1
3547	Q418553	NGB	58157	Q22677801	https://en.wikipedia.org/wiki/Neuroglobin
3568	Q14908113	TSC1	7248	Q898669	https://en.wikipedia.org/wiki/TSC1
3577	Q14911841	PTGIS	5740	Q904590	https://en.wikipedia.org/wiki/Prostacyclin_synthase
3583	Q14897634	TNFRSF11A	8792	Q906651	https://en.wikipedia.org/wiki/RANK
3590	Q14821391	GCG	2641	Q907730	https://en.wikipedia.org/wiki/Oxyntomodulin
3596	Q14907393	NPHS1	4868	Q909653	https://en.wikipedia.org/wiki/Nephrin
3606	Q14599754	CYP27B1	1594	Q1149122	https://en.wikipedia.org/wiki/25-Hydroxyvitamin_D_1-alpha-hydroxylase
3614	Q14912110	SPN	6693	Q1279013	https://en.wikipedia.org/wiki/CD43
3621	Q14905256	LACRT	90070	Q1759126	https://en.wikipedia.org/wiki/Lacritin
3627	Q14865372	SLC6A3	6531	Q2271947	https://en.wikipedia.org/wiki/Dopamine_transporter
3639	Q14913474	TSPO	706	Q2385013	https://en.wikipedia.org/wiki/Translocator_protein
3641	Q14878211	APLN	8862	Q2386988	https://en.wikipedia.org/wiki/Apelin
3650	Q15331874	LYN	4067	Q2463389	https://en.wikipedia.org/wiki/LYN
3658	Q14907885	CD2	914	Q2630678	https://en.wikipedia.org/wiki/CD2
3665	Q18023132	EDN1	1906	Q390566	https://en.wikipedia.org/wiki/Endothelin_1
3672	Q20969991	LIPE	3991	Q408499	https://en.wikipedia.org/wiki/Hormone-sensitive_lipase
3684	Q18031813	TAC1	6863	Q408566	https://en.wikipedia.org/wiki/Neurokinin_A
3693	Q18025909	GHRH	2691	Q409489	https://en.wikipedia.org/wiki/Growth_hormone%E2%80%93releasing_hormone
3714	Q18031931	TDO2	6999	Q409970	https://en.wikipedia.org/wiki/Tryptophan_2,3-dioxygenase
3726	Q18031813	TAC1	6863	Q411041	https://en.wikipedia.org/wiki/Substance_P
3748	Q20782771	NF1	4763	Q411610	https://en.wikipedia.org/wiki/Neurofibromin_1
3758	Q18028641	LPO	4025	Q412728	https://en.wikipedia.org/wiki/Lactoperoxidase
3768	Q20970156	PTGS2	5743	Q415364	https://en.wikipedia.org/wiki/Prostaglandin-endoperoxide_synthase_2
3780	Q18253720	RET	5979	Q415976	https://en.wikipedia.org/wiki/RET_proto-oncogene
3791	Q18254977	TH	7054	Q420766	https://en.wikipedia.org/wiki/Tyrosine_hydroxylase
3810	Q17853272	BRCA2	675	Q421651	https://en.wikipedia.org/wiki/BRCA2
3830	Q21163357	GHRL	51738	Q422269	https://en.wikipedia.org/wiki/Ghrelin
3863	Q18025526	GBE1	2632	Q161537	https://en.wikipedia.org/wiki/Glycogen_branching_enzyme
3876	Q18030739	PPY	5539	Q246978	https://en.wikipedia.org/wiki/Pancreatic_polypeptide
3890	Q18039604	DROSHA	29102	Q261483	https://en.wikipedia.org/wiki/Drosha
3898	Q18026535	GRM1	2911	Q288431	https://en.wikipedia.org/wiki/Metabotropic_glutamate_receptor_1
3905	Q18027423	HTR1B	3351	Q288797	https://en.wikipedia.org/wiki/5-HT1B_receptor
3913	Q18247430	ADM	133	Q366935	https://en.wikipedia.org/wiki/Adrenomedullin
3928	Q18028496	LCT	3938	Q379764	https://en.wikipedia.org/wiki/Lactase
3973	Q14911781	ALDH2	217	Q2640417	https://en.wikipedia.org/wiki/ALDH2
3983	Q14876914	MTR	4548	Q2737583	https://en.wikipedia.org/wiki/Methionine_synthase
3997	Q14914437	CD27	939	Q2805224	https://en.wikipedia.org/wiki/CD27
4005	Q14864886	ANPEP	290	Q2830638	https://en.wikipedia.org/wiki/Alanine_aminopeptidase
4019	Q14907298	AIRE	326	Q2872459	https://en.wikipedia.org/wiki/Autoimmune_regulator
4027	Q14891079	ICAM1	3383	Q3146527	https://en.wikipedia.org/wiki/ICAM-1
4036	Q14864397	TNFRSF11B	4982	Q3357478	https://en.wikipedia.org/wiki/Osteoprotegerin
4044	Q14904506	NR3C2	4306	Q3454531	https://en.wikipedia.org/wiki/Mineralocorticoid_receptor
4056	Q14890102	CYP1A2	1544	Q3737406	https://en.wikipedia.org/wiki/CYP1A2
4064	Q804508	BPI	671	Q21115548	https://en.wikipedia.org/wiki/Bactericidal/permeability-increasing_protein
4070	Q18049387	CYP2R1	120227	Q21117307	https://en.wikipedia.org/wiki/CYP2R1
4075	Q7618726	STOM	2040	Q21118046	https://en.wikipedia.org/wiki/Stomatin
4079	Q905792	MBTPS1	8720	Q21118681	https://en.wikipedia.org/wiki/Membrane-bound_transcription_factor_site-1_protease
4086	Q7672588	TXNIP	10628	Q21122281	https://en.wikipedia.org/wiki/TXNIP
4092	Q408331	VGF	7425	Q21122290	https://en.wikipedia.org/wiki/VGF
4098	Q18050645	TRIM50	135892	Q21124666	https://en.wikipedia.org/wiki/TRIM50
4100	Q18050444	TMPRSS11B	132724	Q21126595	https://en.wikipedia.org/wiki/TMPRSS11B
4102	Q18047266	TAS1R3	83756	Q21126649	https://en.wikipedia.org/wiki/TAS1R3
4110	Q5145894	COL11A1	1301	Q21131338	https://en.wikipedia.org/wiki/Collagen,_type_XI,_alpha_1
4116	Q18041912	POMGNT1	55624	Q21133271	https://en.wikipedia.org/wiki/POMGNT1
4119	Q18042898	PGLYRP4	57115	Q21134681	https://en.wikipedia.org/wiki/Peptidoglycan_recognition_protein_4
4121	Q18061800	ZNF878	729747	Q21136702	https://en.wikipedia.org/wiki/Zinc_finger_protein_878
4122	Q7761386	DHPS	1725	Q21149193	https://en.wikipedia.org/wiki/Deoxyhypusine_synthase
4125	Q718087	ARSB	411	Q21172663	https://en.wikipedia.org/wiki/Arylsulfatase_B
4131	Q425264	ASL	435	Q21173212	https://en.wikipedia.org/wiki/Argininosuccinate_lyase
4140	Q18058389	CTRB2	440387	Q21173235	https://en.wikipedia.org/wiki/CTRB2
4141	Q18045596	DPEP2	64174	Q21173458	https://en.wikipedia.org/wiki/Dipeptidase_2
4145	Q1656943	IDUA	3425	Q21173788	https://en.wikipedia.org/wiki/Iduronidase
4151	Q18058494	TMEM151B	441151	Q21202198	https://en.wikipedia.org/wiki/Transmembrane_protein_151b
4156	Q18047780	GPAT3	84803	Q21418744	https://en.wikipedia.org/wiki/AGPAT9
4166	Q18031077	OPN1LW	5956	Q423107	https://en.wikipedia.org/wiki/Rhodopsin
4194	Q18034331	MYOT	9499	Q423470	https://en.wikipedia.org/wiki/MYOT
4200	Q18024903	FYN	2534	Q423628	https://en.wikipedia.org/wiki/FYN
4208	Q21163330	CSF2	1437	Q423660	https://en.wikipedia.org/wiki/Granulocyte-macrophage_colony-stimulating_factor
4228	Q21163356	THPO	7066	Q424519	https://en.wikipedia.org/wiki/Thrombopoietin
4245	Q20969930	FAH	2184	Q517790	https://en.wikipedia.org/wiki/Fumarylacetoacetate_hydrolase
4254	Q18051986	PLB1	151056	Q700006	https://en.wikipedia.org/wiki/Phospholipase_B
4265	Q14916187	CYP2C19	1557	Q3737532	https://en.wikipedia.org/wiki/CYP2C19
4273	Q14819793	POMC	5443	Q4063639	https://en.wikipedia.org/wiki/Alpha-Melanocyte-stimulating_hormone
4281	Q14912099	ITGA4	3676	Q4201951	https://en.wikipedia.org/wiki/Integrin_alpha_4
4290	Q14913635	ITGB3	3690	Q4201964	https://en.wikipedia.org/wiki/Integrin_beta_3
4299	Q14905337	CR2	1380	Q4393893	https://en.wikipedia.org/wiki/Complement_receptor_2
4309	Q14904941	TSHR	7253	Q4862366	https://en.wikipedia.org/wiki/Thyrotropin_receptor
4319	Q14875866	MET	4233	Q5005897	https://en.wikipedia.org/wiki/C-Met
4328	Q14907650	CCL11	6356	Q5009606	https://en.wikipedia.org/wiki/CCL11
4335	Q14907657	CCL20	6364	Q5009615	https://en.wikipedia.org/wiki/CCL20
4344	Q14907551	CCL4	6351	Q5009626	https://en.wikipedia.org/wiki/CCL4
4350	Q15315489	CD53	963	Q5009824	https://en.wikipedia.org/wiki/CD53
4358	Q14912231	CD59	966	Q5009828	https://en.wikipedia.org/wiki/CD59
4361	Q17848876	BLM	641	Q885306	https://en.wikipedia.org/wiki/Bloom_syndrome_protein
4365	Q18039669	NPC1L1	29881	Q903909	https://en.wikipedia.org/wiki/NPC1L1
4371	Q18292821	BCR	613	Q903924	https://en.wikipedia.org/wiki/BCR_(gene)
4379	Q18030567	PKHD1	5314	Q905111	https://en.wikipedia.org/wiki/Fibrocystin
4387	Q21163357	GHRL	51738	Q905680	https://en.wikipedia.org/wiki/Obestatin
4395	Q18030904	PTGIR	5739	Q905736	https://en.wikipedia.org/wiki/Prostacyclin_receptor
4399	Q18030782	PRKCZ	5590	Q906403	https://en.wikipedia.org/wiki/Protein_kinase_C_zeta_type
4408	Q18025586	GC	2638	Q906435	https://en.wikipedia.org/wiki/Vitamin_D-binding_protein
4414	Q18031060	RBL1	5933	Q907420	https://en.wikipedia.org/wiki/Retinoblastoma-like_protein_1
4420	Q18041767	RNLS	55328	Q907753	https://en.wikipedia.org/wiki/Renalase
4426	Q20969938	KIT	3815	Q909409	https://en.wikipedia.org/wiki/KIT_(gene)
4436	Q18252851	OSM	5008	Q909425	https://en.wikipedia.org/wiki/Oncostatin_M
4444	Q18032708	CUBN	8029	Q1142947	https://en.wikipedia.org/wiki/Cubilin
4449	Q14905639	DCD	117159	Q1200249	https://en.wikipedia.org/wiki/Dermcidin
4457	Q18035156	GPHN	10243	Q1270676	https://en.wikipedia.org/wiki/Gephyrin
4462	Q18032314	VASP	7408	Q1299381	https://en.wikipedia.org/wiki/Vasodilator-stimulated_phosphoprotein
4469	Q17815968	AGL	178	Q1532471	https://en.wikipedia.org/wiki/Glycogen_debranching_enzyme
4478	Q20970154	FAS	355	Q1649375	https://en.wikipedia.org/wiki/Fas_receptor
4489	Q18030604	PLTP	5360	Q1724405	https://en.wikipedia.org/wiki/Phospholipid_transfer_protein
4493	Q17501046	LRAT	9227	Q1811387	https://en.wikipedia.org/wiki/Lecithin_retinol_acyltransferase
4498	Q18035544	PDPN	10630	Q2100344	https://en.wikipedia.org/wiki/PDPN
4505	Q18030511	PHB1	5245	Q2112279	https://en.wikipedia.org/wiki/Prohibitin
4511	Q18031665	SPAST	6683	Q2308016	https://en.wikipedia.org/wiki/Spastin
4516	Q18030965	PVALB	5816	Q2720322	https://en.wikipedia.org/wiki/Parvalbumin
4525	Q17909131	CPB2	1361	Q3511991	https://en.wikipedia.org/wiki/Carboxypeptidase_B2
4533	Q18297800	ALDOB	229	Q3820163	https://en.wikipedia.org/wiki/Aldolase_B
4540	Q17815528	ADRB3	155	Q4897175	https://en.wikipedia.org/wiki/Beta-3_adrenergic_receptor
4550	Q21163342	CALD1	800	Q5019078	https://en.wikipedia.org/wiki/Caldesmon
4554	Q18022970	DSPP	1834	Q5259531	https://en.wikipedia.org/wiki/Dentin_sialophosphoprotein_(protein)
4556	Q18034625	DOCK4	9732	Q5287186	https://en.wikipedia.org/wiki/Dock4-Ex49
4559	Q18028744	EPCAM	4072	Q5383694	https://en.wikipedia.org/wiki/Epithelial_cell_adhesion_molecule
4564	Q18035606	PNMA2	10687	Q180583	https://en.wikipedia.org/wiki/PNMA2
4571	Q14820071	FOXP2	93986	Q227241	https://en.wikipedia.org/wiki/FOXP2
4595	Q18031428	CXCL12	6387	Q408598	https://en.wikipedia.org/wiki/Stromal_cell-derived_factor_1
4606	Q15331136	LRRK2	120892	Q409961	https://en.wikipedia.org/wiki/LRRK2
4617	Q21788706	CD4	920	Q412587	https://en.wikipedia.org/wiki/CD4
4638	Q21163344	ABCB1	5243	Q412902	https://en.wikipedia.org/wiki/P-glycoprotein
4656	Q21163221	INS	3630	Q419107	https://en.wikipedia.org/wiki/C-peptide
4664	Q425485	CPS1	1373	Q21109242	https://en.wikipedia.org/wiki/Carbamoyl_phosphate_synthetase_I
4670	Q424737	SRC	6714	Q21109354	https://en.wikipedia.org/wiki/Proto-oncogene_tyrosine-protein_kinase_Src
4675	Q5302993	DSCAML1	57453	Q21110048	https://en.wikipedia.org/wiki/Down_syndrome_cell_adhesion_molecule_like_1
4692	Q14358595	CYP21A2	1589	Q21110736	https://en.wikipedia.org/wiki/21-Hydroxylase
4695	Q2338200	DRD3	1814	Q21110872	https://en.wikipedia.org/wiki/Dopamine_receptor_D3
4705	Q4650067	ABCC11	85320	Q21111144	https://en.wikipedia.org/wiki/ABCC11
4711	Q535544	LRP1	4035	Q21111528	https://en.wikipedia.org/wiki/LRP1
4718	Q15996575	BEX4	56271	Q21111671	https://en.wikipedia.org/wiki/BEX4
4721	Q18055751	C6orf52	347744	Q21111925	https://en.wikipedia.org/wiki/Putative_uncharacterized_protein_C6orf52
4723	Q13033724	MMP3	4314	Q21114943	https://en.wikipedia.org/wiki/MMP3
4732	Q417743	PC	5091	Q21114968	https://en.wikipedia.org/wiki/Pyruvate_carboxylase
4749	Q14907597	IL6ST	3572	Q21116066	https://en.wikipedia.org/wiki/Glycoprotein_130
4754	Q18047287	ATAD3B	83858	Q21116744	https://en.wikipedia.org/wiki/ATPase_Domain_3B
4758	Q18053679	FNDC5	252995	Q21118157	https://en.wikipedia.org/wiki/FNDC5
4763	Q14819793	POMC	5443	Q20707037	https://en.wikipedia.org/wiki/Beta-Melanocyte-stimulating_hormone
4764	Q14819793	POMC	5443	Q20707046	https://en.wikipedia.org/wiki/Gamma-Melanocyte-stimulating_hormone
4768	Q18047405	ARL6	84100	Q21097464	https://en.wikipedia.org/wiki/ARL6
4774	Q907024	DDX58	23586	Q21100537	https://en.wikipedia.org/wiki/RIG-I
4781	Q18039630	CD274	29126	Q21100639	https://en.wikipedia.org/wiki/PD-L1
4791	Q18054253	C17orf78	284099	Q21100934	https://en.wikipedia.org/wiki/C17orf78
4793	Q1022703	ZMPSTE24	10269	Q21101211	https://en.wikipedia.org/wiki/Zinc_metalloproteinase_STE24
4794	Q7394597	ST13	6767	Q21101878	https://en.wikipedia.org/wiki/ST13
4799	Q15935846	ARG1	383	Q21101888	https://en.wikipedia.org/wiki/ARG1_(gene)
4803	Q13224665	ASIP	434	Q21102066	https://en.wikipedia.org/wiki/Agouti-signaling_protein
4812	Q425696	C9	735	Q21102471	https://en.wikipedia.org/wiki/Complement_component_9
4821	Q14864078	PRF1	5551	Q21103279	https://en.wikipedia.org/wiki/Perforin
4836	Q18051852	ANKRD35	148741	Q21105191	https://en.wikipedia.org/wiki/ANKRD35
4837	Q18049791	C1orf194	127003	Q21105516	https://en.wikipedia.org/wiki/Chromosome_1_open_reading_frame_194
4842	Q418634	FH	2271	Q21107515	https://en.wikipedia.org/wiki/Fumarase
4859	Q18047707	GLIS2	84662	Q21108504	https://en.wikipedia.org/wiki/GLIS2
4863	Q18035500	GNLY	10578	Q5596842	https://en.wikipedia.org/wiki/Granulysin
4866	Q18026541	GRM3	2913	Q6594119	https://en.wikipedia.org/wiki/Metabotropic_glutamate_receptor_3
4871	Q5008447	C9orf72	203228	Q7251429	https://en.wikipedia.org/wiki/Protein_Data_Bank_(file_format)
4875	Q24292611	SGCD	6444	Q8035687	https://en.wikipedia.org/wiki/Delta-sarcoglycan
4876	Q18044458	FANCM	57697	Q21101297	https://en.wikipedia.org/wiki/FANCM
4879	Q5145891	COL6A1	1291	Q21102482	https://en.wikipedia.org/wiki/Collagen,_type_VI,_alpha_1
4883	Q508356	COL8A1	1295	Q21102493	https://en.wikipedia.org/wiki/Collagen,_type_VIII,_alpha_1
4889	Q5145892	COL7A1	1294	Q21102497	https://en.wikipedia.org/wiki/Collagen,_type_VII,_alpha_1
4894	Q18049226	IL22RA2	116379	Q21103404	https://en.wikipedia.org/wiki/IL22RA2
4896	Q18048860	GARIN5A	112703	Q21106061	https://en.wikipedia.org/wiki/FAM71E1
4898	Q5145895	COL12A1	1303	Q21106784	https://en.wikipedia.org/wiki/Collagen,_type_XII,_alpha_1
4902	Q18042544	FSTL5	56884	Q21107470	https://en.wikipedia.org/wiki/Follistatin_like_5
4905	Q415594	AMH	268	Q21108939	https://en.wikipedia.org/wiki/Anti-M%C3%BCllerian_hormone
4922	Q18055340	FAM166C	339778	Q21110562	https://en.wikipedia.org/wiki/FAM166C
4924	Q5424280	FAAH	2166	Q21113274	https://en.wikipedia.org/wiki/Fatty_acid_amide_hydrolase
4933	Q6594341	GRM4	2914	Q21113349	https://en.wikipedia.org/wiki/Metabotropic_glutamate_receptor_4
4940	Q5009614	CCL18	6362	Q21113934	https://en.wikipedia.org/wiki/CCL18
4946	Q238509	HTR1A	3350	Q21115043	https://en.wikipedia.org/wiki/5-HT1A_receptor
4957	Q286987	ABCA1	19	Q21115210	https://en.wikipedia.org/wiki/ABCA1
4971	Q14906152	UTRN	7402	Q22683570	https://en.wikipedia.org/wiki/Utrophin
4975	Q408846	GDA	9615	Q22676899	https://en.wikipedia.org/wiki/Guanine_deaminase
4984	Q1340834	ECE1	1889	Q22677862	https://en.wikipedia.org/wiki/Endothelin_converting_enzyme_1
5002	Q21789542	MPO	4353	Q420012	https://en.wikipedia.org/wiki/Myeloperoxidase
5021	Q21163221	INS	3630	Q426173	https://en.wikipedia.org/wiki/Proinsulin
5030	Q21163319	FOXP3	50943	Q426188	https://en.wikipedia.org/wiki/FOXP3
5037	Q18040247	PLA1A	51365	Q700004	https://en.wikipedia.org/wiki/Phospholipase_A1
5048	Q18049021	CYGB	114757	Q770102	https://en.wikipedia.org/wiki/Cytoglobin
5058	Q18035890	HPSE	10855	Q909646	https://en.wikipedia.org/wiki/Heparanase
5066	Q20970093	UGDH	7358	Q1143072	https://en.wikipedia.org/wiki/UDP-glucose_6-dehydrogenase
5075	Q24739493	CAMP	820	Q1798192	https://en.wikipedia.org/wiki/LL37
5077	Q14860484	ASPM	259266	Q3122831	https://en.wikipedia.org/wiki/ASPM_(gene)
5087	Q21163350	HLA-G	3135	Q3124896	https://en.wikipedia.org/wiki/HLA-G
5095	Q18055479	H1-7	341567	Q21119054	https://en.wikipedia.org/wiki/H1FNT
5099	Q2046497	PAX8	7849	Q21120164	https://en.wikipedia.org/wiki/PAX8
5105	Q18041362	PXK	54899	Q21121192	https://en.wikipedia.org/wiki/PXK
5109	Q18046301	LIN28A	79727	Q21121594	https://en.wikipedia.org/wiki/LIN28
5114	Q18051388	SERPINA12	145264	Q21122079	https://en.wikipedia.org/wiki/SERPIN_A12
5116	Q18051472	RBFOX3	146713	Q21123811	https://en.wikipedia.org/wiki/NeuN
5117	Q18058977	PJVK	494513	Q21124292	https://en.wikipedia.org/wiki/Pejvakin
5119	Q18050796	RPS4Y2	140032	Q21126199	https://en.wikipedia.org/wiki/40S_ribosomal_protein_S4,_Y_isoform_2
5121	Q7394760	STK35	140901	Q21127285	https://en.wikipedia.org/wiki/Serine/threonine_kinase_35
5125	Q416426	CS	1431	Q21132608	https://en.wikipedia.org/wiki/Citrate_synthase
5143	Q18038798	PCSK1N	27344	Q21133341	https://en.wikipedia.org/wiki/Proprotein_convertase_subtilisin/kexin_type_1_inhibitor
5145	Q18047927	TOX2	84969	Q21133631	https://en.wikipedia.org/wiki/TOX2
5146	Q18048693	TMEM44	93109	Q21134622	https://en.wikipedia.org/wiki/Transmembrane_protein_44
5149	Q2500416	SLC22A12	116085	Q21135945	https://en.wikipedia.org/wiki/SLC22A12
5153	Q18059465	SCX	642658	Q21135986	https://en.wikipedia.org/wiki/Scleraxis
5157	Q408609	MUC1	4582	Q21145188	https://en.wikipedia.org/wiki/MUC1
5166	Q14878290	ACP3	55	Q21151790	https://en.wikipedia.org/wiki/Prostatic_acid_phosphatase
5169	Q18049881	FITM2	128486	Q21155093	https://en.wikipedia.org/wiki/Fat_storage-inducing_transmembrane_protein_2
5171	Q14913316	ASMT	438	Q21172348	https://en.wikipedia.org/wiki/Acetylserotonin_O-methyltransferase
5184	Q410688	FLG	2312	Q21201832	https://en.wikipedia.org/wiki/Filaggrin
5193	Q20970089	SELE	6401	Q4037752	https://en.wikipedia.org/wiki/E-selectin
5203	Q18027434	HTR2B	3357	Q4639596	https://en.wikipedia.org/wiki/5-HT2B_receptor
5210	Q18045793	ARMCX5	64860	Q4653829	https://en.wikipedia.org/wiki/ARMCX5
5212	Q18026538	GRM2	2912	Q4859538	https://en.wikipedia.org/wiki/Metabotropic_glutamate_receptor_2
5220	Q17907808	CCR6	1235	Q5005868	https://en.wikipedia.org/wiki/C-C_chemokine_receptor_type_6
5224	Q17910399	CSF2RB	1439	Q5014088	https://en.wikipedia.org/wiki/CSF2RB
5227	Q17907887	COL4A3	1285	Q5145905	https://en.wikipedia.org/wiki/Collagen,_type_IV,_alpha_3
5232	Q18030525	PI3	5266	Q5353128	https://en.wikipedia.org/wiki/Elafin
5236	Q18030418	PDE9A	5152	Q5864342	https://en.wikipedia.org/wiki/PDE9
5238	Q18027642	IFNGR1	3459	Q6046452	https://en.wikipedia.org/wiki/Interferon-gamma_receptor
5241	Q18026551	GRM6	2916	Q6589868	https://en.wikipedia.org/wiki/Metabotropic_glutamate_receptor_6
5248	Q18026554	GRM7	2917	Q6590338	https://en.wikipedia.org/wiki/Metabotropic_glutamate_receptor_7
5254	Q18026556	GRM8	2918	Q6590408	https://en.wikipedia.org/wiki/Metabotropic_glutamate_receptor_8
5259	Q18040518	NLK	51701	Q6594108	https://en.wikipedia.org/wiki/NLK
5265	Q18030014	NEDD8	4738	Q6953444	https://en.wikipedia.org/wiki/NEDD8
5271	Q18033105	TCAP	8557	Q7696873	https://en.wikipedia.org/wiki/Telethonin
5275	Q18032026	TMSB4X	7114	Q7799643	https://en.wikipedia.org/wiki/Thymosin_beta-4
5279	Q18298361	TAT	6898	Q7861685	https://en.wikipedia.org/wiki/Tyrosine_aminotransferase
5283	Q18032324	VEGFA	7422	Q7916455	https://en.wikipedia.org/wiki/Vascular_endothelial_growth_factor_A
5285	Q18036571	BAHD1	22893	Q11907460	https://en.wikipedia.org/wiki/Bromo_adjacent_homology_domain_containing_1
5286	Q13645602	MT-RNR2	4550	Q17027916	https://en.wikipedia.org/wiki/Humanin
5295	Q18053853	TMEM151A	256472	Q21202199	https://en.wikipedia.org/wiki/Transmembrane_protein_151A
5296	Q18047351	FAM234A	83986	Q21437672	https://en.wikipedia.org/wiki/FAM234A
5297	Q18039751	SLC2A8	29988	Q22675894	https://en.wikipedia.org/wiki/GLUT8
5306	Q407983	ACHE	43	Q22676679	https://en.wikipedia.org/wiki/Acetylcholinesterase
5329	Q14911892	TYMS	7298	Q22676802	https://en.wikipedia.org/wiki/Thymidylate_synthase
5340	Q419977	GIP	2695	Q22677256	https://en.wikipedia.org/wiki/Gastric_inhibitory_polypeptide
5359	Q15311600	RNASE3	6037	Q22677314	https://en.wikipedia.org/wiki/Eosinophil_cationic_protein
5367	Q14913510	BCHE	590	Q22679015	https://en.wikipedia.org/wiki/Butyrylcholinesterase
5381	Q1242607	DCT	1638	Q22680155	https://en.wikipedia.org/wiki/Dopachrome_tautomerase
5387	Q289013	A2M	2	Q22680187	https://en.wikipedia.org/wiki/Alpha-2-Macroglobulin
5388	Q14865348	NPPB	4879	Q66360952	https://en.wikipedia.org/wiki/Ventricular_natriuretic_peptide
5406	Q18027592	IFNA2	3440	Q105361026	https://en.wikipedia.org/wiki/IFNA2
5419	Q12009087	AVP	551	Q21124841	https://en.wikipedia.org/wiki/Vasopressin
5460	Q1542830	SAR1A	56681	Q21127132	https://en.wikipedia.org/wiki/SAR1A
5467	Q3359612	PCSK9	255738	Q21130010	https://en.wikipedia.org/wiki/PCSK9
5475	Q5013331	COL6A5	256076	Q21130067	https://en.wikipedia.org/wiki/Collagen,_type_VI,_alpha_5
5479	Q18061452	GOLGA8H	728498	Q21130426	https://en.wikipedia.org/wiki/GOLGA8H
5480	Q18067897	APELA	100506013	Q21132229	https://en.wikipedia.org/wiki/Elabela
5482	Q18061743	TMEM242	729515	Q21132645	https://en.wikipedia.org/wiki/Transmembrane_protein_242
5483	Q18054324	TMEM150B	284417	Q21133978	https://en.wikipedia.org/wiki/Transmembrane_protein_150b
5485	Q18046292	PPCS	79717	Q21134457	https://en.wikipedia.org/wiki/Phosphopantothenate%E2%80%94cysteine_ligase
5491	Q18059524	SMIM15	643155	Q21134509	https://en.wikipedia.org/wiki/SMIM15
5492	Q18053238	SMIM14	201895	Q21134524	https://en.wikipedia.org/wiki/Small_integral_membrane_protein_14
5493	Q18049855	TMEM125	128218	Q21134841	https://en.wikipedia.org/wiki/TMEM125
5495	Q18056528	ZNF749	388567	Q21134869	https://en.wikipedia.org/wiki/Zinc_finger_protein_749
5496	Q18062023	TVP23A	780776	Q21135133	https://en.wikipedia.org/wiki/Trans-Golgi_network_vesicle_protein_23_A
5497	Q18068240	CCDC169-SOHLH2	100526761	Q21136142	https://en.wikipedia.org/wiki/C13orf38
5498	Q18053505	TMEM217	221468	Q21136312	https://en.wikipedia.org/wiki/Transmembrane_protein_217
5500	Q18049166	TNFRSF13C	115650	Q21136423	https://en.wikipedia.org/wiki/BAFF_receptor
5506	Q18059357	ZNF674	641339	Q21136745	https://en.wikipedia.org/wiki/Zinc_finger_protein_674
5507	Q18055341	PRR30	339779	Q21148787	https://en.wikipedia.org/wiki/Proline-rich_protein_30
5509	Q18047246	ESPN	83715	Q21150559	https://en.wikipedia.org/wiki/Espin_(protein)
5513	Q66023331	FDX1	2230	Q9141217	https://en.wikipedia.org/wiki/Adrenal_ferredoxin
5519	Q18055875	SLCO4C1	353189	Q16991234	https://en.wikipedia.org/wiki/Solute_carrier_organic_anion_transporter_family_member_4c1
5523	Q18055684	ADGRD2	347088	Q18055684	https://en.wikipedia.org/wiki/GPR144
5527	Q18045886	BRD9	65980	Q21100491	https://en.wikipedia.org/wiki/BRD9
5528	Q18056845	BSX	390259	Q21100507	https://en.wikipedia.org/wiki/Brain-specific_homeobox
5529	Q18059055	C8orf58	541565	Q21100720	https://en.wikipedia.org/wiki/C8orf58_(protein)
5530	Q5013317	COL22A1	169044	Q21100857	https://en.wikipedia.org/wiki/Collagen,_type_XXII,_alpha_1
5535	Q18065756	DEFB4B	100289462	Q21101093	https://en.wikipedia.org/wiki/Beta-defensin_2
5538	Q18056150	C3orf62	375341	Q21102233	https://en.wikipedia.org/wiki/C3orf62
5540	Q18052651	CHST13	166012	Q21102387	https://en.wikipedia.org/wiki/Carbohydrate_(chondroitin_4)_sulfotransferase_13
5544	Q18048870	FDX2	112812	Q21104960	https://en.wikipedia.org/wiki/FDX2
5548	Q18051837	C1orf127	148345	Q21105554	https://en.wikipedia.org/wiki/C1orf127
5549	Q18063919	ERICH4	100170765	Q21105900	https://en.wikipedia.org/wiki/Glutamate-rich_protein_4
5550	Q18054325	GARIN5B	284418	Q21106077	https://en.wikipedia.org/wiki/FAM71E2
5552	Q18055318	TFAP2E	339488	Q21106402	https://en.wikipedia.org/wiki/TFAP2E
5554	Q18050657	COL26A1	136227	Q21108430	https://en.wikipedia.org/wiki/EMID2
5558	Q18060436	GMNC	647309	Q21108649	https://en.wikipedia.org/wiki/Geminin_coiled-coil_domain-containing_protein_1
5560	Q18053739	LCORL	254251	Q21108863	https://en.wikipedia.org/wiki/LCORL
5562	Q18057464	FAM180B	399888	Q21110241	https://en.wikipedia.org/wiki/FAM180b
5563	Q18064600	C2CD4D	100191040	Q21110509	https://en.wikipedia.org/wiki/C2CD4D
5565	Q5013319	COL24A1	255631	Q21111547	https://en.wikipedia.org/wiki/COL24A1
5570	Q18061222	SSX2B	727837	Q21112522	https://en.wikipedia.org/wiki/SSX2
5573	Q18063727	KCNJ18	100134444	Q21113501	https://en.wikipedia.org/wiki/Kir2.6
5576	Q18059571	SPINK9	643394	Q21114769	https://en.wikipedia.org/wiki/LEKTI-2
5580	Q18057965	SPINK6	404203	Q21114772	https://en.wikipedia.org/wiki/SPINK6
5584	Q18047902	HSH2D	84941	Q21116008	https://en.wikipedia.org/wiki/HSH2D
5585	Q18063150	CCDC166	100130274	Q21116978	https://en.wikipedia.org/wiki/CCDC166
5586	Q18057607	C20orf202	400831	Q21117344	https://en.wikipedia.org/wiki/C20orf202
5587	Q18055358	GADL1	339896	Q21118172	https://en.wikipedia.org/wiki/GADL1
5588	Q18055810	NMNAT3	349565	Q21118870	https://en.wikipedia.org/wiki/NMNAT3
5589	Q18047693	MFSD14B	84641	Q21119073	https://en.wikipedia.org/wiki/Mfsd14b
5593	Q18053286	CT83	203413	Q21119232	https://en.wikipedia.org/wiki/Cancer/testis_antigen_83
5598	Q21786407	BUB1B-PAK6	106821730	Q21121638	https://en.wikipedia.org/wiki/PAK6
5600	Q18058568	NRARP	441478	Q21121739	https://en.wikipedia.org/wiki/Notch_regulated_ankyrin_repeat_protein
5601	Q18051483	PIK3R6	146850	Q21123249	https://en.wikipedia.org/wiki/P87PIKAP
5603	Q18053249	RANBP3L	202151	Q21123847	https://en.wikipedia.org/wiki/RANBP3L
5612	Q14864102	MSTN	2660	Q29630	https://en.wikipedia.org/wiki/Myostatin
5629	Q14905785	HJV	148738	Q151233	https://en.wikipedia.org/wiki/Hemojuvelin
5636	Q67066863	GPT	2875	Q305481	https://en.wikipedia.org/wiki/Alanine_transaminase
5665	Q14874554	NANOG	79923	Q420522	https://en.wikipedia.org/wiki/Homeobox_protein_NANOG
5673	Q14911815	CD24	100133941	Q1190762	https://en.wikipedia.org/wiki/CD24
5684	Q14905777	OCLN	100506658	Q2013337	https://en.wikipedia.org/wiki/Occludin
5693	Q21163307	CCR2	729230	Q4035572	https://en.wikipedia.org/wiki/CCR2
5701	Q14897890	AGRN	375790	Q4694120	https://en.wikipedia.org/wiki/Agrin
5704	Q21180206	TPTEP2-CSNK1E	102800317	Q5014192	https://en.wikipedia.org/wiki/CSNK1E
5707	Q21180026	LOC102724560	102724560	Q5201183	https://en.wikipedia.org/wiki/Cystathionine_beta_synthase
5712	Q18055224	FFAR4	338557	Q21172800	https://en.wikipedia.org/wiki/GPR_120
5713	Q18054208	NPW	283869	Q21173201	https://en.wikipedia.org/wiki/Neuropeptide_W
5715	Q6330481	KANSL1	284058	Q21977732	https://en.wikipedia.org/wiki/KAT8_regulatory_NSL_complex_subunit_1
5718	Q20771060	LOC102723553	102723553	Q21979550	https://en.wikipedia.org/wiki/SMIM11A
5719	Q20767351	GRK7	131890	Q22675842	https://en.wikipedia.org/wiki/G_protein-coupled_receptor_kinase_7
5721	Q18059064	CKMT1A	548596	Q22677369	https://en.wikipedia.org/wiki/CKMT1A
5723	Q18061430	OPN1MW2	728458	Q23301892	https://en.wikipedia.org/wiki/OPN1MW2
5724	Q20969922	OPN1MW3	101060233	Q23301892	https://en.wikipedia.org/wiki/OPN1MW2
5725	Q26243848	LOC107984055	107984055	Q23301892	https://en.wikipedia.org/wiki/OPN1MW2
5726	Q18032641	SCG2	7857	Q36375672	https://en.wikipedia.org/wiki/Secretoneurin
5728	Q408331	VGF	7425	Q48989376	https://en.wikipedia.org/wiki/TLQP-62
5729	Q14877681	COL2A1	1280	Q48999357	https://en.wikipedia.org/wiki/Chondrocalcin
5736	Q21503572	CCK	885	Q60315441	https://en.wikipedia.org/wiki/Cholecystokinin
5773	Q14859647	AGT	183	Q65963433	https://en.wikipedia.org/wiki/Angiotensin
5801	Q14821391	GCG	2641	Q66310097	https://en.wikipedia.org/wiki/Proglucagon
5813	Q14864787	ADA	100	Q356093	https://en.wikipedia.org/wiki/Adenosine_deaminase
5836	Q14860836	SST	6750	Q407166	https://en.wikipedia.org/wiki/Somatostatin
5871	Q14904154	SMAD4	4089	Q408179	https://en.wikipedia.org/wiki/Mothers_against_decapentaplegic_homolog_4
5880	Q14877317	KYNU	8942	Q408186	https://en.wikipedia.org/wiki/Kynureninase
5889	Q14881694	TBXAS1	6916	Q408575	https://en.wikipedia.org/wiki/Thromboxane-A_synthase
5897	Q15328584	NOS3	4846	Q408853	https://en.wikipedia.org/wiki/Endothelial_NOS
5912	Q14880759	TPMT	7172	Q94307	https://en.wikipedia.org/wiki/Thiopurine_methyltransferase
5924	Q14863330	BDNF	627	Q123045	https://en.wikipedia.org/wiki/Brain-derived_neurotrophic_factor
5948	Q14863991	ACE	1636	Q128861	https://en.wikipedia.org/wiki/Angiotensin-converting_enzyme
5973	Q14872807	ATM	472	Q141591	https://en.wikipedia.org/wiki/ATM_serine/threonine_kinase
5985	Q14916312	AHR	196	Q155750	https://en.wikipedia.org/wiki/Aryl_hydrocarbon_receptor
5997	Q14906383	MYOG	4656	Q166726	https://en.wikipedia.org/wiki/Myogenin
6004	Q14864361	ACKR1	2532	Q205042	https://en.wikipedia.org/wiki/Duffy_antigen_system
6017	Q14903573	RAF1	5894	Q410434	https://en.wikipedia.org/wiki/C-Raf
6031	Q14860550	TF	7018	Q410473	https://en.wikipedia.org/wiki/Transferrin
6051	Q14905573	TBXA2R	6915	Q411978	https://en.wikipedia.org/wiki/Thromboxane_receptor
6058	Q14905666	CYP11A1	1583	Q412483	https://en.wikipedia.org/wiki/Cholesterol_side-chain_cleavage_enzyme
6070	Q14859647	AGT	183	Q412999	https://en.wikipedia.org/wiki/Angiotensin_II_(medication)
6079	Q14908164	TRPV1	7442	Q413209	https://en.wikipedia.org/wiki/TRPV1
6087	Q14913588	CST3	1471	Q413243	https://en.wikipedia.org/wiki/Cystatin_C
6098	Q14864905	ACR	49	Q413934	https://en.wikipedia.org/wiki/Acrosin
6113	Q14819281	SRY	6736	Q409114	https://en.wikipedia.org/wiki/Testis-determining_factor
6134	Q14864661	POU5F1	5460	Q409423	https://en.wikipedia.org/wiki/Oct-4
6149	Q14859580	KLK3	354	Q409450	https://en.wikipedia.org/wiki/Prostate-specific_antigen
6171	Q14860492	SERPINA7	6906	Q409646	https://en.wikipedia.org/wiki/Thyroxine-binding_globulin
6182	Q14873914	PLN	5350	Q410105	https://en.wikipedia.org/wiki/Phospholamban
6194	Q14863039	F8	2157	Q410137	https://en.wikipedia.org/wiki/Factor_VIII
6213	Q14877486	ERBB2	2064	Q415271	https://en.wikipedia.org/wiki/HER2/neu
6237	Q14865015	CYP19A1	1588	Q415287	https://en.wikipedia.org/wiki/Aromatase
6258	Q14907561	DBH	1621	Q415762	https://en.wikipedia.org/wiki/Dopamine_beta-hydroxylase
6275	Q14865077	SERPING1	710	Q416510	https://en.wikipedia.org/wiki/C1-inhibitor
6288	Q14873015	AR	367	Q416601	https://en.wikipedia.org/wiki/Androgen_receptor
6305	Q14819367	DHFR	1719	Q417149	https://en.wikipedia.org/wiki/Dihydrofolate_reductase
6321	Q14873931	NGF	4803	Q417782	https://en.wikipedia.org/wiki/Nerve_growth_factor
6342	Q14902252	PCNA	5111	Q418732	https://en.wikipedia.org/wiki/Proliferating_cell_nuclear_antigen
6361	Q14864068	RETN	56729	Q419499	https://en.wikipedia.org/wiki/Resistin
6378	Q14913328	ATP7B	540	Q419611	https://en.wikipedia.org/wiki/Wilson_disease_protein
6386	Q14865325	SHBG	6462	Q419613	https://en.wikipedia.org/wiki/Sex_hormone-binding_globulin
6401	Q14878770	GBA	2629	Q420038	https://en.wikipedia.org/wiki/Glucocerebrosidase
6421	Q14890468	APOE	348	Q424728	https://en.wikipedia.org/wiki/Apolipoprotein_E
6439	Q14905432	ARSA	410	Q424837	https://en.wikipedia.org/wiki/Arylsulfatase_A
6450	Q14890078	GAPDH	2597	Q424886	https://en.wikipedia.org/wiki/Glyceraldehyde_3-phosphate_dehydrogenase
6465	Q14864844	DES	1674	Q425146	https://en.wikipedia.org/wiki/Desmin
6478	Q14863436	BCL2	596	Q425201	https://en.wikipedia.org/wiki/Bcl-2
6491	Q14905306	C5	727	Q426181	https://en.wikipedia.org/wiki/Complement_component_5
6497	Q14916136	ERCC3	2071	Q426194	https://en.wikipedia.org/wiki/XPB
6503	Q14599604	DHCR24	1718	Q426334	https://en.wikipedia.org/wiki/24-Dehydrocholesterol_reductase
6509	Q14903763	BMP1	649	Q426782	https://en.wikipedia.org/wiki/Bone_morphogenetic_protein_1
6512	Q14905422	GALC	2581	Q421491	https://en.wikipedia.org/wiki/Galactosylceramidase
6524	Q14877634	G6PD	2539	Q421793	https://en.wikipedia.org/wiki/Glucose-6-phosphate_dehydrogenase
6552	Q14820612	SCT	6343	Q422301	https://en.wikipedia.org/wiki/Secretin
6582	Q14863356	INSR	3643	Q422579	https://en.wikipedia.org/wiki/Insulin_receptor
6603	Q14864375	CP	1356	Q422752	https://en.wikipedia.org/wiki/Ceruloplasmin
6614	Q15315570	CD63	967	Q4035583	https://en.wikipedia.org/wiki/CD63
6622	Q14901671	SELL	6402	Q4042403	https://en.wikipedia.org/wiki/L-selectin
6630	Q14912954	FOLH1	2346	Q4140229	https://en.wikipedia.org/wiki/Glutamate_carboxypeptidase_II
6637	Q18054272	METRNL	284207	Q21104663	https://en.wikipedia.org/wiki/METRNL
6638	Q18034650	FRMPD4	9758	Q21107490	https://en.wikipedia.org/wiki/FRMPD4
6640	Q18039699	GMPPB	29925	Q21110385	https://en.wikipedia.org/wiki/GMPPB
6644	Q18049320	C10orf71	118461	Q21110646	https://en.wikipedia.org/wiki/CEFIP
6648	Q18031421	CXCL6	6372	Q21113163	https://en.wikipedia.org/wiki/CXCL6
6653	Q18031420	CCL25	6370	Q21113920	https://en.wikipedia.org/wiki/CCL25
6659	Q18053888	UTS2B	257313	Q21126717	https://en.wikipedia.org/wiki/Urotensin_II%E2%80%93related_peptide
6661	Q18028101	JUP	3728	Q21139990	https://en.wikipedia.org/wiki/Plakoglobin
6681	Q14902453	CDKN1A	1026	Q423686	https://en.wikipedia.org/wiki/P21
6700	Q14864464	IL10	3586	Q423698	https://en.wikipedia.org/wiki/Interleukin_10
6723	Q14864695	EGF	1950	Q424374	https://en.wikipedia.org/wiki/Epidermal_growth_factor
6742	Q14865565	EGFR	1956	Q424401	https://en.wikipedia.org/wiki/Epidermal_growth_factor_receptor
6764	Q14878192	CETP	1071	Q424706	https://en.wikipedia.org/wiki/Cholesteryl_ester_transfer_protein
6771	Q14906427	TWIST1	7291	Q575849	https://en.wikipedia.org/wiki/Twist-related_protein_1
6778	Q14633932	CALR	811	Q634510	https://en.wikipedia.org/wiki/Calreticulin
6785	Q14865059	GRP	2922	Q642462	https://en.wikipedia.org/wiki/Gastrin-releasing_peptide
6793	Q14907948	CD19	930	Q798033	https://en.wikipedia.org/wiki/CD19
6802	Q14907705	BAD	572	Q812784	https://en.wikipedia.org/wiki/Bcl-2-associated_death_promoter
6809	Q14907451	TMPO	7112	Q903637	https://en.wikipedia.org/wiki/Thymopoietin
6820	Q15318084	SLC5A1	6523	Q904241	https://en.wikipedia.org/wiki/Sodium/glucose_cotransporter_1
6830	Q14912445	KITLG	4254	Q909331	https://en.wikipedia.org/wiki/Stem_cell_factor
6839	Q14911792	PREP	5550	Q993804	https://en.wikipedia.org/wiki/Prolyl_endopeptidase
6846	Q15325366	CDK1	983	Q1147372	https://en.wikipedia.org/wiki/Cyclin-dependent_kinase_1
6851	Q15328081	HBA1	3039	Q1417916	https://en.wikipedia.org/wiki/Hemoglobin,_alpha_2
6855	Q14865255	L1CAM	3897	Q1437419	https://en.wikipedia.org/wiki/L1_(protein)
6860	Q14913988	PAPPA	5069	Q1476411	https://en.wikipedia.org/wiki/Pregnancy-associated_plasma_protein_A
6872	Q14916168	GCH1	2643	Q1487359	https://en.wikipedia.org/wiki/GTP_cyclohydrolase_I
6877	Q14865348	NPPB	4879	Q1703648	https://en.wikipedia.org/wiki/N-terminal_prohormone_of_brain_natriuretic_peptide
6886	Q14863103	PTHLH	5744	Q2007821	https://en.wikipedia.org/wiki/Parathyroid_hormone-related_protein
6895	Q14877621	PRTN3	5657	Q2113501	https://en.wikipedia.org/wiki/Proteinase_3
6901	Q14906204	HGF	3082	Q2399112	https://en.wikipedia.org/wiki/Hepatocyte_growth_factor
6914	Q14912067	ITGB2	3689	Q2458503	https://en.wikipedia.org/wiki/Integrin_beta_2
6926	Q14906123	FOS	2353	Q2745522	https://en.wikipedia.org/wiki/C-Fos
6937	Q14875744	CTLA4	1493	Q2907609	https://en.wikipedia.org/wiki/CTLA-4
6954	Q15328839	MAPK3	5595	Q2984851	https://en.wikipedia.org/wiki/ERT2
6966	Q14819793	POMC	5443	Q2993328	https://en.wikipedia.org/wiki/Beta-Endorphin
6980	Q14907732	RAD51	5888	Q3235015	https://en.wikipedia.org/wiki/RAD51
6996	Q14864427	CYP2D6	1565	Q3271142	https://en.wikipedia.org/wiki/CYP2D6
7012	Q14907765	CCL21	6366	Q3648585	https://en.wikipedia.org/wiki/CCL21
7021	Q14904995	ITGAL	3683	Q3648604	https://en.wikipedia.org/wiki/Integrin_alpha_L
7030	Q14877371	TNFRSF8	943	Q3648608	https://en.wikipedia.org/wiki/CD30
7042	Q14878168	CLPS	1208	Q3682656	https://en.wikipedia.org/wiki/Colipase
7052	Q14907773	CCL22	6367	Q3776878	https://en.wikipedia.org/wiki/CCL22
7060	Q14873747	CD34	947	Q4035578	https://en.wikipedia.org/wiki/CD34
7076	Q14819361	CYCS	54205	Q408223	https://en.wikipedia.org/wiki/Cytochrome_c
7100	Q15335907	GAMT	2593	Q408303	https://en.wikipedia.org/wiki/Guanidinoacetate_N-methyltransferase
7109	Q14905392	BAX	581	Q408476	https://en.wikipedia.org/wiki/Bcl-2-associated_X_protein
7120	Q14916244	SUOX	6821	Q408551	https://en.wikipedia.org/wiki/Sulfite_oxidase
7134	Q14907908	MKI67	4288	Q409106	https://en.wikipedia.org/wiki/Ki-67_(protein)
7150	Q14821011	F2	2147	Q409166	https://en.wikipedia.org/wiki/Thrombin
7178	Q14912856	TNFSF13B	10673	Q409346	https://en.wikipedia.org/wiki/B-cell_activating_factor
7186	Q14876674	HPX	3263	Q409414	https://en.wikipedia.org/wiki/Hemopexin
7198	Q15331000	SPR	6697	Q409532	https://en.wikipedia.org/wiki/Sepiapterin_reductase
7209	Q14907436	TLR2	7097	Q410015	https://en.wikipedia.org/wiki/TLR2
7219	Q14859656	CBLIF	2694	Q410153	https://en.wikipedia.org/wiki/Intrinsic_factor
7239	Q14865480	SERPINE1	5054	Q410485	https://en.wikipedia.org/wiki/Plasminogen_activator_inhibitor-1
7248	Q14909766	MC2R	4158	Q410784	https://en.wikipedia.org/wiki/ACTH_receptor
7255	Q14912996	LSS	4047	Q410833	https://en.wikipedia.org/wiki/Lanosterol_synthase
7265	Q14905193	MMUT	4594	Q411008	https://en.wikipedia.org/wiki/Methylmalonyl-CoA_mutase
7276	Q14864060	ADIPOQ	9370	Q357439	https://en.wikipedia.org/wiki/Adiponectin
7305	Q14819907	CRH	1392	Q386664	https://en.wikipedia.org/wiki/Corticotropin-releasing_hormone
7339	Q14863369	GAST	2520	Q407181	https://en.wikipedia.org/wiki/Gastrin
7378	Q14904803	DPP4	1803	Q412214	https://en.wikipedia.org/wiki/Dipeptidyl_peptidase-4
7394	Q14864292	DMD	1756	Q412285	https://en.wikipedia.org/wiki/Dystrophin
7413	Q14863678	VWF	7450	Q412310	https://en.wikipedia.org/wiki/Von_Willebrand_factor
7434	Q14877233	F3	2152	Q412841	https://en.wikipedia.org/wiki/Tissue_factor
7454	Q14864641	F7	2155	Q412850	https://en.wikipedia.org/wiki/Factor_VII
7472	Q14879105	B2M	567	Q287896	https://en.wikipedia.org/wiki/Beta-2_microglobulin
7487	Q14916378	ADRB2	154	Q287961	https://en.wikipedia.org/wiki/Beta-2_adrenergic_receptor
7501	Q14860537	SERPINA1	5265	Q292982	https://en.wikipedia.org/wiki/Alpha-1_antitrypsin
7522	Q14858822	AFP	174	Q306076	https://en.wikipedia.org/wiki/Alpha-fetoprotein
7544	Q14878325	APRT	353	Q355965	https://en.wikipedia.org/wiki/Adenine_phosphoribosyltransferase
7553	Q14883378	APC	324	Q356062	https://en.wikipedia.org/wiki/Apc,_wnt_signaling_pathway_regulator
7564	Q14914065	ADSL	158	Q356244	https://en.wikipedia.org/wiki/Adenylosuccinate_lyase
7569	Q14912011	PLP1	5354	Q205986	https://en.wikipedia.org/wiki/Myelin_proteolipid_protein
7584	Q14851942	LEP	3952	Q223739	https://en.wikipedia.org/wiki/Leptin
7624	Q14859578	REN	5972	Q258915	https://en.wikipedia.org/wiki/Renin
7659	Q14876086	MTOR	2475	Q285613	https://en.wikipedia.org/wiki/MTOR
7677	Q14865236	IL6	3569	Q412889	https://en.wikipedia.org/wiki/Interleukin_6
7699	Q14864369	NPY	4852	Q414992	https://en.wikipedia.org/wiki/Neuropeptide_Y
7718	Q14874282	CXCR4	7852	Q415718	https://en.wikipedia.org/wiki/CXCR4
7731	Q14916342	BGLAP	632	Q415863	https://en.wikipedia.org/wiki/Osteocalcin
7753	Q14860763	SERPINA6	866	Q416227	https://en.wikipedia.org/wiki/Transcortin
7766	Q14861061	SERPINC1	462	Q416336	https://en.wikipedia.org/wiki/Antithrombin
7789	Q14878377	PTEN	5728	Q416356	https://en.wikipedia.org/wiki/PTEN_(gene)
7805	Q14904927	VDR	7421	Q417057	https://en.wikipedia.org/wiki/Vitamin_D_receptor
7815	Q15321271	CASR	846	Q417801	https://en.wikipedia.org/wiki/Calcium-sensing_receptor
7825	Q14865176	CCR5	1234	Q418404	https://en.wikipedia.org/wiki/CCR5
7847	Q14819793	POMC	5443	Q418896	https://en.wikipedia.org/wiki/Proopiomelanocortin
7863	Q14916226	DLAT	1737	Q419036	https://en.wikipedia.org/wiki/Dihydrolipoyl_transacetylase
7876	Q14860933	UCP1	7350	Q419493	https://en.wikipedia.org/wiki/Thermogenin
7897	Q14865307	MAPT	4137	Q419507	https://en.wikipedia.org/wiki/Tau_protein
7921	Q14865120	F11	2160	Q419531	https://en.wikipedia.org/wiki/Factor_XI
7940	Q14887511	CD14	929	Q419553	https://en.wikipedia.org/wiki/CD14
7960	Q14864712	CFTR	1080	Q420470	https://en.wikipedia.org/wiki/Cystic_fibrosis_transmembrane_conductance_regulator
7977	Q14878280	GSR	2936	Q420930	https://en.wikipedia.org/wiki/Glutathione_reductase
7994	Q14875891	CXCL8	3576	Q421859	https://en.wikipedia.org/wiki/Interleukin_8
8014	Q14820943	HP	3240	Q422025	https://en.wikipedia.org/wiki/Haptoglobin
8036	Q14819793	POMC	5443	Q422297	https://en.wikipedia.org/wiki/Lipotropin
8053	Q14865116	F5	2153	Q422831	https://en.wikipedia.org/wiki/Factor_V
8071	Q14907808	CXCL11	6373	Q5014882	https://en.wikipedia.org/wiki/CXCL11
8077	Q18033889	IL1RL1	9173	Q21100818	https://en.wikipedia.org/wiki/ST2_cardiac_biomarker
8087	Q14865870	APP	351	Q423510	https://en.wikipedia.org/wiki/Amyloid-beta_precursor_protein
8101	Q14906040	BTK	695	Q423572	https://en.wikipedia.org/wiki/Bruton%27s_tyrosine_kinase
8117	Q14819793	POMC	5443	Q423981	https://en.wikipedia.org/wiki/Melanocyte-stimulating_hormone
8141	Q14873304	VCL	7414	Q424042	https://en.wikipedia.org/wiki/Vinculin
8151	Q14877599	TNFSF10	8743	Q424394	https://en.wikipedia.org/wiki/TRAIL
8163	Q14865246	IAPP	3375	Q424643	https://en.wikipedia.org/wiki/Amylin
8180	Q14864922	MTHFR	4524	Q424709	https://en.wikipedia.org/wiki/Methylenetetrahydrofolate_reductase
8199	Q14863077	GCK	2645	Q425185	https://en.wikipedia.org/wiki/Glucokinase
8218	Q15316617	GTF2B	2959	Q425812	https://en.wikipedia.org/wiki/Transcription_factor_II_B
8224	Q14890978	HFE	3077	Q426648	https://en.wikipedia.org/wiki/HFE_(gene)
8232	Q14873998	ABL1	25	Q587961	https://en.wikipedia.org/wiki/ABL_(gene)
8241	Q14864082	CORT	1325	Q588367	https://en.wikipedia.org/wiki/Cortistatin_(neuropeptide)
8247	Q14911979	CXCR3	2833	Q655541	https://en.wikipedia.org/wiki/CXCR3
8256	Q14865134	GALT	2592	Q659430	https://en.wikipedia.org/wiki/Galactose-1-phosphate_uridylyltransferase
8269	Q14911959	BSG	682	Q810010	https://en.wikipedia.org/wiki/Basigin
8276	Q14914201	ATIC	471	Q858317	https://en.wikipedia.org/wiki/Inosine_monophosphate_synthase
8283	Q14907854	CYP11B1	1584	Q904925	https://en.wikipedia.org/wiki/Steroid_11%CE%B2-hydroxylase
8290	Q14882338	FMR1	2332	Q905435	https://en.wikipedia.org/wiki/FMR1
8296	Q14913390	PTGDR	5729	Q905729	https://en.wikipedia.org/wiki/Prostaglandin_D2_receptor
8303	Q14906920	EMD	2010	Q905741	https://en.wikipedia.org/wiki/Emerin
8310	Q14911859	CREBBP	1387	Q906517	https://en.wikipedia.org/wiki/CREB-binding_protein
8318	Q14763023	BIRC5	332	Q906904	https://en.wikipedia.org/wiki/Survivin
8326	Q14907414	IDO1	3620	Q908221	https://en.wikipedia.org/wiki/Indoleamine_2,3-dioxygenase
8337	Q14914223	LIPC	3990	Q908765	https://en.wikipedia.org/wiki/Hepatic_lipase
8346	Q14907804	CXCL10	3627	Q986112	https://en.wikipedia.org/wiki/CXCL10
8354	Q14911988	CXCR5	643	Q1024612	https://en.wikipedia.org/wiki/CXCR5
8362	Q14914043	IDE	3416	Q1225690	https://en.wikipedia.org/wiki/Insulin-degrading_enzyme
8366	Q15320180	GRIA3	2892	Q1486720	https://en.wikipedia.org/wiki/GRIA3
8370	Q14908202	GGCX	2677	Q1493174	https://en.wikipedia.org/wiki/Gamma-glutamyl_carboxylase
8376	Q14819793	POMC	5443	Q1753256	https://en.wikipedia.org/wiki/Corticotropin-like_intermediate_peptide
8386	Q14913035	MEN1	4221	Q1920577	https://en.wikipedia.org/wiki/MEN1
8389	Q14819793	POMC	5443	Q1960495	https://en.wikipedia.org/wiki/Met-enkephalin
8395	Q14873953	KCNJ1	3758	Q2124480	https://en.wikipedia.org/wiki/ROMK
8401	Q14865331	NCAM1	4684	Q2248886	https://en.wikipedia.org/wiki/Neural_cell_adhesion_molecule
8418	Q14864255	PRKN	5071	Q2472777	https://en.wikipedia.org/wiki/Parkin_(protein)
8421	Q14916234	SLC18A2	6571	Q2521094	https://en.wikipedia.org/wiki/Vesicular_monoamine_transporter_2
8429	Q14885645	CCL2	6347	Q2587862	https://en.wikipedia.org/wiki/CCL2
8439	Q14882517	HTT	3064	Q2620886	https://en.wikipedia.org/wiki/Huntingtin
8450	Q14877658	PLEC	5339	Q3392203	https://en.wikipedia.org/wiki/Plectin
8458	Q14916093	CCL5	6352	Q3492926	https://en.wikipedia.org/wiki/CCL5
8468	Q14912092	CD46	4179	Q4035579	https://en.wikipedia.org/wiki/CD46
8475	Q14881072	SELP	6403	Q4046137	https://en.wikipedia.org/wiki/P-selectin
8488	Q14906495	MITF	4286	Q336500	https://en.wikipedia.org/wiki/Microphthalmia-associated_transcription_factor
8495	Q14885224	PPOX	5498	Q408154	https://en.wikipedia.org/wiki/Protoporphyrinogen_oxidase
8507	Q14905207	CYP17A1	1586	Q408305	https://en.wikipedia.org/wiki/CYP17A1
8517	Q14904856	FECH	2235	Q408712	https://en.wikipedia.org/wiki/Ferrochelatase
8531	Q14864092	ELN	2006	Q409747	https://en.wikipedia.org/wiki/Elastin
8559	Q14905074	NR1I2	8856	Q409867	https://en.wikipedia.org/wiki/Pregnane_X_receptor
8564	Q14904834	CPOX	1371	Q410444	https://en.wikipedia.org/wiki/Coproporphyrinogen_III_oxidase
8574	Q14876140	MBP	4155	Q410974	https://en.wikipedia.org/wiki/Myelin_basic_protein
8585	Q14865286	TTN	7273	Q74314	https://en.wikipedia.org/wiki/Titin
8612	Q14327752	HSD11B1	3290	Q171604	https://en.wikipedia.org/wiki/11%CE%B2-Hydroxysteroid_dehydrogenase_type_1
8629	Q14819793	POMC	5443	Q185690	https://en.wikipedia.org/wiki/Adrenocorticotropic_hormone
8681	Q14860476	PTH	5741	Q202476	https://en.wikipedia.org/wiki/Parathyroid_hormone
8738	Q14852026	EPO	2056	Q218706	https://en.wikipedia.org/wiki/Erythropoietin
8739	Q14852026	EPO	2056	Q218706	https://en.wikiquote.org/wiki/Erythropoietin
8783	Q14877611	DNTT	1791	Q411149	https://en.wikipedia.org/wiki/Terminal_deoxynucleotidyl_transferase
8794	Q18030633	PNMT	5409	Q411541	https://en.wikipedia.org/wiki/Phenylethanolamine_N-methyltransferase
8807	Q14907798	CXCL9	4283	Q411999	https://en.wikipedia.org/wiki/CXCL9
8817	Q14864945	PROC	5624	Q412810	https://en.wikipedia.org/wiki/Protein_C
8837	Q14888283	THBD	7056	Q414446	https://en.wikipedia.org/wiki/Thrombomodulin
8852	Q14865070	VIP	7432	Q414964	https://en.wikipedia.org/wiki/Vasoactive_intestinal_peptide
8874	Q14864139	HMGCR	3156	Q415607	https://en.wikipedia.org/wiki/HMG-CoA_reductase
8897	Q14864492	MYOD1	4654	Q416095	https://en.wikipedia.org/wiki/MyoD
8904	Q14905567	TNFSF11	8600	Q418934	https://en.wikipedia.org/wiki/RANKL
8918	Q14904891	NTS	4922	Q419576	https://en.wikipedia.org/wiki/Neurotensin
8933	Q14864353	TTR	7276	Q419999	https://en.wikipedia.org/wiki/Transthyretin
8949	Q14864755	LPL	4023	Q420014	https://en.wikipedia.org/wiki/Lipoprotein_lipase
8969	Q20969939	MYC	4609	Q420267	https://en.wikipedia.org/wiki/Myc
8985	Q14905455	DHCR7	1717	Q259292	https://en.wikipedia.org/wiki/7-Dehydrocholesterol_reductase
8998	Q14862268	SNCA	6622	Q288591	https://en.wikipedia.org/wiki/Alpha-synuclein
9013	Q14904559	PYY	5697	Q290293	https://en.wikipedia.org/wiki/Peptide_YY
9028	Q14877295	HRH2	3274	Q311568	https://en.wikipedia.org/wiki/Histamine_H2_receptor
9047	Q14860521	CALCA	796	Q315860	https://en.wikipedia.org/wiki/Calcitonin
9084	Q14859893	OTC	5009	Q420678	https://en.wikipedia.org/wiki/Ornithine_transcarbamylase
9098	Q14888529	HDC	3067	Q421869	https://en.wikipedia.org/wiki/Histidine_decarboxylase
9110	Q14914194	GART	2618	Q422358	https://en.wikipedia.org/wiki/Trifunctional_purine_biosynthetic_protein_adenosine-3
9126	Q14859861	CRP	1401	Q422766	https://en.wikipedia.org/wiki/C-reactive_protein
9166	Q14859555	RHO	6010	Q423107	https://en.wikipedia.org/wiki/Rhodopsin
9194	Q14914017	CTSA	5476	Q423561	https://en.wikipedia.org/wiki/Cathepsin_A
9201	Q14865111	F10	2159	Q423701	https://en.wikipedia.org/wiki/Factor_X
9222	Q14864419	CYP3A4	1576	Q424440	https://en.wikipedia.org/wiki/CYP3A4
9241	Q14905444	LCAT	3931	Q424716	https://en.wikipedia.org/wiki/Lecithin%E2%80%93cholesterol_acyltransferase
9256	Q14877701	SLC4A1	6521	Q425149	https://en.wikipedia.org/wiki/Band_3_anion_transport_protein
9263	Q14872724	LDLR	3949	Q425649	https://en.wikipedia.org/wiki/LDL_receptor
9273	Q14908096	ERCC2	2068	Q426168	https://en.wikipedia.org/wiki/ERCC2
9283	Q5009814	CD33	945	Q21114013	https://en.wikipedia.org/wiki/CD33
9291	Q18045873	C8orf33	65265	Q21114147	https://en.wikipedia.org/wiki/UPF0488
9292	Q5145899	COL15A1	1306	Q21115675	https://en.wikipedia.org/wiki/Collagen,_type_XV,_alpha_1
9298	Q5446452	FAP	2191	Q21117471	https://en.wikipedia.org/wiki/Fibroblast_activation_protein,_alpha
9300	Q18035922	PPARGC1A	10891	Q21118081	https://en.wikipedia.org/wiki/PPARGC1A
9303	Q18035852	WASF3	10810	Q21122970	https://en.wikipedia.org/wiki/WASF3
9307	Q18058405	PLIN5	440503	Q21123271	https://en.wikipedia.org/wiki/Perilipin-5
9310	Q18040262	WNT16	51384	Q21123981	https://en.wikipedia.org/wiki/WNT16
9316	Q18033503	SLC5A6	8884	Q21127149	https://en.wikipedia.org/wiki/Sodium-dependent_multivitamin_transporter
9321	Q5145886	COL4A1	1282	Q21130061	https://en.wikipedia.org/wiki/Collagen,_type_IV,_alpha_1
9324	Q5145896	COL13A1	1305	Q21130730	https://en.wikipedia.org/wiki/Collagen,_type_XIII,_alpha_1
9329	Q5009835	CD70	970	Q21131196	https://en.wikipedia.org/wiki/CD70
9337	Q5145893	COL10A1	1300	Q21132758	https://en.wikipedia.org/wiki/Collagen,_type_X,_alpha_1
9342	Q18053095	UBR1	197131	Q21136465	https://en.wikipedia.org/wiki/UBR1
9346	Q18052852	ZNF800	168850	Q21136713	https://en.wikipedia.org/wiki/Zinc_Finger_Protein_800
9348	Q18042441	TWNK	56652	Q21443395	https://en.wikipedia.org/wiki/Twinkle_(protein)
9351	Q4316436	NRGN	4900	Q22676708	https://en.wikipedia.org/wiki/Neurogranin
9356	Q14874980	MCM6	4175	Q1154611	https://en.wikipedia.org/wiki/MCM6
9364	Q14910010	APOA1	335	Q1316030	https://en.wikipedia.org/wiki/Apolipoprotein_A1
9374	Q18026799	HBA2	3040	Q1417916	https://en.wikipedia.org/wiki/Hemoglobin,_alpha_2
9377	Q14888937	GUCY2C	2984	Q1552797	https://en.wikipedia.org/wiki/Guanylate_cyclase_2C
9383	Q20970073	CD28	940	Q1622348	https://en.wikipedia.org/wiki/CD28
9403	Q14902794	CTNNB1	1499	Q1634046	https://en.wikipedia.org/wiki/Catenin_beta-1
9405	Q14876709	PCSK1	5122	Q1668565	https://en.wikipedia.org/wiki/Proprotein_convertase_1
9409	Q14866305	NID1	4811	Q1986448	https://en.wikipedia.org/wiki/Nidogen
9413	Q14890110	HSPG2	3339	Q2071346	https://en.wikipedia.org/wiki/Perlecan
9419	Q20781917	SHOX	6473	Q2206154	https://en.wikipedia.org/wiki/Short-stature_homeobox_gene
9426	Q14907631	GHR	2690	Q2299608	https://en.wikipedia.org/wiki/Growth_hormone_receptor
9434	Q14914294	SLC19A2	10560	Q2420520	https://en.wikipedia.org/wiki/Thiamine_transporter_1
9438	Q14909191	CHGA	1113	Q3698322	https://en.wikipedia.org/wiki/Chromogranin_A
9449	Q14905359	PF4	5196	Q3740205	https://en.wikipedia.org/wiki/Platelet_factor_4
9456	Q14904270	CSF1	1435	Q426626	https://en.wikipedia.org/wiki/Macrophage_colony-stimulating_factor
9467	Q14891871	BACE1	23621	Q737488	https://en.wikipedia.org/wiki/Beta-secretase_1
9477	Q14916444	UCN	7349	Q904550	https://en.wikipedia.org/wiki/Urocortin
9484	Q14865830	KCNH2	3757	Q905000	https://en.wikipedia.org/wiki/HERG
9493	Q14864879	GFAP	2670	Q905442	https://en.wikipedia.org/wiki/Glial_fibrillary_acidic_protein
9503	Q18031704	SRF	6722	Q907394	https://en.wikipedia.org/wiki/Serum_response_factor
9512	Q14876762	CANX	821	Q908443	https://en.wikipedia.org/wiki/Calnexin
9518	Q14907210	IL21	59067	Q909381	https://en.wikipedia.org/wiki/Interleukin_21
9530	Q14880373	CD44	960	Q1056532	https://en.wikipedia.org/wiki/CD44
9539	Q15315271	CD9	928	Q1058190	https://en.wikipedia.org/wiki/CD9
9549	Q14907776	CCL17	6361	Q1069599	https://en.wikipedia.org/wiki/CCL17
9562	Q14905324	ITGAM	3684	Q3799301	https://en.wikipedia.org/wiki/Integrin_alpha_M
9573	Q14864573	CD36	948	Q4035577	https://en.wikipedia.org/wiki/CD36
9576	Q14878833	PECAM1	5175	Q4046167	https://en.wikipedia.org/wiki/CD31
9585	Q18041719	PGM2	55276	Q4046188	https://en.wikipedia.org/wiki/PGM2
9587	Q18035436	CARM1	10498	Q5008826	https://en.wikipedia.org/wiki/CARM1
9589	Q18026547	GRM5	2915	Q6589190	https://en.wikipedia.org/wiki/Metabotropic_glutamate_receptor_5
9600	Q227339	BRCA1	672	Q17487737	https://en.wikipedia.org/wiki/BRCA1
9619	Q18047343	FCAMR	83953	Q21101422	https://en.wikipedia.org/wiki/Fc%CE%B1/%CE%BCR
9625	Q5145887	COL9A1	1297	Q21102486	https://en.wikipedia.org/wiki/Collagen,_type_IX,_alpha_1
9629	Q5145900	COL16A1	1307	Q21106791	https://en.wikipedia.org/wiki/Collagen,_type_XVI,_alpha_1
9634	Q5145898	COL19A1	1310	Q21106801	https://en.wikipedia.org/wiki/Collagen,_type_XIX,_alpha_1
9638	Q5055039	CAV2	858	Q21110568	https://en.wikipedia.org/wiki/Caveolin_2
9642	Q5137664	F13A1	2162	Q21112389	https://en.wikipedia.org/wiki/Coagulation_factor_XIII,_A1_polypeptide
9645	Q18027850	CXCR2	3579	Q21113125	https://en.wikipedia.org/wiki/Interleukin_8_receptor,_beta
9652	Q4650495	ACADM	34	Q21113690	https://en.wikipedia.org/wiki/ACADM
